blocknumber,blockhash,parentblockhash,tradehash,gasused,timestamp,from,to,nonce,gaslimit,gasprice,blocktradenumber
1,0x2c6d0f771ff227ee97a5cfad743a15461ce63d6ec231d1166c87ed16045ef248,0x3788c4e60bebda70fbd64fcb0f0209bc7d8c071f9963b1ccfc0532fd2ab650f5,0x505a8bfdc7648d61feb634d34a95b9c6bb141b74414b3379d29a7a8f5421fa51,24363,1759384167334,0x6bc53412af260cdfea768969f2b3362161293469,,3631316639613261653933643434616661643036363134643031303336393630,9000000,0xf4610900,1
2,0x75339b54388f323602e780cca331cffba60cb84285446530ffc6b7c238e0c4cf,0x2c6d0f771ff227ee97a5cfad743a15461ce63d6ec231d1166c87ed16045ef248,0x30d0292040cc8b78b930569a20ff870c14274d35f2d9183cc2a91714189de816,13088,1759384167884,0x6bc53412af260cdfea768969f2b3362161293469,0x6849f21d1e455e9f0712b1e99fa4fcd23758e8f1,6639633765633561626362313462366462643735643936303438366337613362,9000000,0xf4610900,1
3,0xcdb4d8eb3483d8efa35025cce5a6c1067d31f50eee783920bc192222177a708e,0x75339b54388f323602e780cca331cffba60cb84285446530ffc6b7c238e0c4cf,0x9015d8e57c93de009840f2a10c927b2849118467da91ef276dc95dc8df5015a9,24363,1759384279691,0x17b13f27369c594208939fca7037fdc65d0db5ff,,6161653339336632363363653463363762353663663364616233613832333065,9000000,0xf4610900,1
4,0xbd1f61398d77c43a3e71016c1d3c6a0b6293d31697b520481f208da6180346bd,0xcdb4d8eb3483d8efa35025cce5a6c1067d31f50eee783920bc192222177a708e,0xba6fac3f3cd8e5bc96bf0ceb36a625d1354e355bb21178c5eef97cdd45b6bfe8,13088,1759384280237,0x17b13f27369c594208939fca7037fdc65d0db5ff,0xc8ead4b26b2c6ac14c9fd90d9684c9bc2cc40085,6362653334383962663463383461343239313661353438343163303766626261,9000000,0xf4610900,1
5,0x58af7fae400fed8db9a9ab1028e3219b990e44dacc350312f6055d114011738e,0xbd1f61398d77c43a3e71016c1d3c6a0b6293d31697b520481f208da6180346bd,0xe2bf17ad2b6f2efbf57a2d2a18aa0a25fa233cdba4b9833cdab08bb693a9904b,24363,1759384342040,0x60bc080368c649bffc17716f2f0918926a0e1f08,,3566636362316537306362333432353461303636623966373865613566313137,9000000,0xf4610900,1
6,0x679e7d01e35c53cb6e2eaf77d424ad5102b228c8df51690d1631ca30ec2bf578,0x58af7fae400fed8db9a9ab1028e3219b990e44dacc350312f6055d114011738e,0xd039d497c463f67ca3436c209a0662eeeee602ae902387e9601fb86ccfcb0b34,13088,1759384342578,0x60bc080368c649bffc17716f2f0918926a0e1f08,0x37a44585bf1e9618fdb4c62c4c96189a07dd4b48,3565646239326233613362653438303762666632326535616533323937646231,9000000,0xf4610900,1
7,0x37767fa59567a631f2315cf6931df2a49fbee7be13a3073e27ea26da1d048b34,0x679e7d01e35c53cb6e2eaf77d424ad5102b228c8df51690d1631ca30ec2bf578,0x361ad19b0d2bf55f14567f045903ab8360f0913d85a496dfd66ca8e2fdbe8c34,24363,1759384556206,0xaf97219ca26eaf0e3759421c60863cd2073a03bb,,3862376131376364326266363439633739666366663133393834326365613333,9000000,0xf4610900,1
8,0xdd7c7b2342b2009f23f8df9433870302af8a14eadf4f656292e1dd82a137ca8a,0x37767fa59567a631f2315cf6931df2a49fbee7be13a3073e27ea26da1d048b34,0x59d285bb8caf3504b3e898bd5fa1487ce90aeb238990ec7aa3c88dd1b5b0dd16,13088,1759384556711,0xaf97219ca26eaf0e3759421c60863cd2073a03bb,0x6546c3571f17858ea45575e7c6457dad03e53dbb,3761336332373731356439663464376261313739313033336136353432356237,9000000,0xf4610900,1
9,0x38548edfdab99a7f02cba087a46257567716b0449b74d8e4da7525fe5155cf7c,0xdd7c7b2342b2009f23f8df9433870302af8a14eadf4f656292e1dd82a137ca8a,0x892353b3f7c37033c600a3871e51ca34583c08578a521625ead32167e4c7aeff,24363,1759397422399,0x23aafec25a169a8fbc28b092afeecb96a2c90f5e,,3333346431323136346336303433333162366638663864393930616139373330,9000000,0xf4610900,1
10,0x425ea97b9dc4d2f1dd1e6b6f2006306ccf5d079ef6d93c24797c62d0e4d1418a,0x38548edfdab99a7f02cba087a46257567716b0449b74d8e4da7525fe5155cf7c,0xfe64edc58ef713bda1aa480d4811ec79034b8c69c901ded07b227e61d9919cd8,13088,1759397422904,0x23aafec25a169a8fbc28b092afeecb96a2c90f5e,0x0102e8b6fc8cdf9626fddc1c3ea8c1e79b3fce94,3566623130663961336336313434323139353766393931363234343438386232,9000000,0xf4610900,1
11,0xa891564d79677276a5b4bd7eff7d57cadaa3daed6e31b69fc6c6c1189d835f80,0x425ea97b9dc4d2f1dd1e6b6f2006306ccf5d079ef6d93c24797c62d0e4d1418a,0x1cffe42608a702b961350a1b7b4430fddb12b331c41cd1dfc5293418ae782a2f,24363,1759397534403,0xab0cc3d99283348c23591ed8a8a4096d879da7e5,,3635303738383632373265633439636561383830666236383932386164656636,9000000,0xf4610900,1
12,0x2b5ddde36555fbd518c348670a62ea27bbfb1b7b59c62fd4ecafa6f2d00ef6df,0xa891564d79677276a5b4bd7eff7d57cadaa3daed6e31b69fc6c6c1189d835f80,0x10b87c8017dfa606874961051193194b571c0709f900ad9cef26d58cb1c83afa,13088,1759397534907,0xab0cc3d99283348c23591ed8a8a4096d879da7e5,0x19a6434154de51c7a7406edf312f01527441b561,3362303661616463623035653465323961343930643038623338373536613761,9000000,0xf4610900,1
13,0x63a56303d57ef849bef3e5aa44eca86bbba0231aac4ffc579e08a81552f60032,0x2b5ddde36555fbd518c348670a62ea27bbfb1b7b59c62fd4ecafa6f2d00ef6df,0x3f16c9207d43a3feac0d542b751d30065f3ac0a700a94bb024c7152e30023d96,24363,1759397717319,0xf6553b97bfc758d8d08641cc8a40b7c3bb6e2947,,6236326265336534663331633461373538353034373063376230323139613065,9000000,0xf4610900,1
14,0x046354af63bfb3b9aa6b3bc10cc835015b34414cf9dae47fa70f16c725114073,0x63a56303d57ef849bef3e5aa44eca86bbba0231aac4ffc579e08a81552f60032,0x7709c5f19cfd40e6468afe61729805a73c4dcceca1dd00ea0c250887b730be40,13088,1759397717861,0xf6553b97bfc758d8d08641cc8a40b7c3bb6e2947,0x2b5dcbae97f9d9178e8b051b08c9fb4089bae71b,6264643531363139626265363433353861333231636634636363326464633066,9000000,0xf4610900,1
15,0x4d49f27362ff6379ebe2b1195ce0439345e4c66a92b8fbb71aa5150eb74d699b,0x046354af63bfb3b9aa6b3bc10cc835015b34414cf9dae47fa70f16c725114073,0xc2986890ff01eddb16874314d242b11bbb3f59ec5fcab2805ddd9477af1b2152,24363,1759397956413,0xd96bbac13e1457a6cb091dafc1eb785a88777cd1,,3037313735373637643131353463646438323839353436313366623531663333,9000000,0xf4610900,1
16,0x669eefadf86116b347f04a81152f4d837e567d108a6fcbad0bde8114025034b9,0x4d49f27362ff6379ebe2b1195ce0439345e4c66a92b8fbb71aa5150eb74d699b,0xac5bf27a74899f8856b7f967c863134b9a918998bd60a86a31289a7c506c3014,13088,1759397956959,0xd96bbac13e1457a6cb091dafc1eb785a88777cd1,0xafcdafa5be0a0e2c34328adf10d893a591b5e774,6362643536343565656130383435646639343530363533343536373138636231,9000000,0xf4610900,1
17,0x72040ecebf77904faf39be17a81b87ba736d9967782dc5939be7b5e0308b74ff,0x669eefadf86116b347f04a81152f4d837e567d108a6fcbad0bde8114025034b9,0x9f2781514c84ba0f87c938a2ab9a1268a50d53f97ed484e794ff6055521e1dd9,24363,1759398364584,0x86e4980e035ae1765444b0d5289857ef4d080f98,,6537326436616439316236383464643238323766393864653261373437636439,9000000,0xf4610900,1
18,0xa11ce01db90d61629b73445a378b85cfc8fcdc8ad0a3109ea8202a653b68aa37,0x72040ecebf77904faf39be17a81b87ba736d9967782dc5939be7b5e0308b74ff,0x5938fb21ec9f48199bc3c910c5f330295681e2c7b907541ebe8ea5d3cd0e7705,13088,1759398365089,0x86e4980e035ae1765444b0d5289857ef4d080f98,0x0662b023d9f87a06cecb053702e9c77510f1056f,6630356162653333353862363433363462366239633665663135623430663064,9000000,0xf4610900,1
19,0x3d7a70d3bcd9f12c2c2200cec3fc6a3e35dcdf845c8c86da4a74f3aec72951e1,0xa11ce01db90d61629b73445a378b85cfc8fcdc8ad0a3109ea8202a653b68aa37,0xcd0005dc0173d9294b96dfc4b2b577b5bdfae9e12f72afec0b295b75f5f06615,24363,1759398468968,0x2dce8e5a6edc60c8447b8f90a3e080fc49070ca9,,6339376230633835653831343464626138383561303830373262386630323136,9000000,0xf4610900,1
20,0x824f7b236f2e080b0300f185bba85e004f5d1c941565f86e46c65a70ae4c71c6,0x3d7a70d3bcd9f12c2c2200cec3fc6a3e35dcdf845c8c86da4a74f3aec72951e1,0x359401341a1c6084be69ae48b039620330887371535b889c7784c947b05e4336,13088,1759398469510,0x2dce8e5a6edc60c8447b8f90a3e080fc49070ca9,0xace9eb31c30d607e91214b8c540d73f276d63656,6365353862353366346332303433323061626433346264313166663133666262,9000000,0xf4610900,1
21,0x27b84f18a4757a04e29326ad34541e91d0946c262083c1fe30542ae95fe9ef8e,0x824f7b236f2e080b0300f185bba85e004f5d1c941565f86e46c65a70ae4c71c6,0xb544e3410c51b58e0c37beb90544173298893412ae5a16ee80862506213bc633,24363,1759398517675,0xe95f866ca44654bebfda9d0a1a2e8106ae7fde9d,,3439323566643736663833393433376461626434336639613563383037663837,9000000,0xf4610900,1
22,0xbac9b50269f77a6af8c88da844870ce4bc783ec23d9b9fad0bd10d00fdce575d,0x27b84f18a4757a04e29326ad34541e91d0946c262083c1fe30542ae95fe9ef8e,0xf70489e5010ac4c00cf22293f3c904129df59debe9defe92ed06615a55439669,13088,1759398518214,0xe95f866ca44654bebfda9d0a1a2e8106ae7fde9d,0x1d38f5d0c8c1ae7ed63a2d0ec905b9e9a17e70cf,3164373837353065363135353432373961386632366533353939353665633437,9000000,0xf4610900,1
23,0x9b4fcc79a84beb11a3fb3df8fc029c29ae3536f4aaefcab72dfd1d2200a48034,0xbac9b50269f77a6af8c88da844870ce4bc783ec23d9b9fad0bd10d00fdce575d,0xe10f8a070853a19bffdc926939141142e05db16aa8f9e477504bcdfb10aad3dd,24363,1759398804756,0xf2c77e8ba37354d6fc19c3b7540ccca91d11f29e,,3933333334626564333430313463396438393038653433326335613438633130,9000000,0xf4610900,1
24,0xcdd7363bee5c12d48730db876b63a8ab9991e4c62b7c07f65c8b22acd965a523,0x9b4fcc79a84beb11a3fb3df8fc029c29ae3536f4aaefcab72dfd1d2200a48034,0x613df368041ba1b448f28cb21d39e99fc9fbe36470ff71fe0f022fb7e3c8b460,13088,1759398805262,0xf2c77e8ba37354d6fc19c3b7540ccca91d11f29e,0xa6cdc4fed96bbf8c9c013cc19200b3c8ba95c93e,6262386265653033313637363435663838393839636334376536666139383339,9000000,0xf4610900,1
25,0x9657898454cdc6c145b8e23a7fbb863234f64c8e16b859005d929722d7103ff7,0xcdd7363bee5c12d48730db876b63a8ab9991e4c62b7c07f65c8b22acd965a523,0x667d7d60087c92ff19388fef11286d033af27849477cff8f1f1a8cad8dfd7763,24363,1759401332961,0xd69ef09b403406c56c8fd6f13c64af32ec767928,,6164643264616366623737663466326239373231633761323462656139393561,9000000,0xf4610900,1
26,0xfa608b0491fe149e7ddd29069a678ab6e222fc03b292b73ea51c4b4573948874,0x9657898454cdc6c145b8e23a7fbb863234f64c8e16b859005d929722d7103ff7,0x1befdcb3f110853764e6f2e4aa17b75e7ff83c20316e2afddd2d1d433437c1c1,13088,1759401333490,0xd69ef09b403406c56c8fd6f13c64af32ec767928,0x41a1281dba209614f2ada8ecc75fd957ad179d7b,3565356534626663663461393461653638356531333063373633373334646437,9000000,0xf4610900,1
27,0x9d997414270f2dc3bb4b89137f712e67565191550a64305ebee035020cb70c6d,0xfa608b0491fe149e7ddd29069a678ab6e222fc03b292b73ea51c4b4573948874,0x9003cbf80eb6f020c809405ef0b2640d321177dcff3724b0215acfae4fd8646b,24363,1759681935780,0xf9a00231fb773f93af14a2f8861f7f976e953c05,,6635646261383731383131613437633939353433326639643464616534386135,9000000,0xf4610900,1
28,0xe2b764587435c938da6798f5e208f115959be2d32e005479f0a898338a32bc3b,0x9d997414270f2dc3bb4b89137f712e67565191550a64305ebee035020cb70c6d,0x1566cf324f654609c010e1d27c884d7f852cefeeef73dc27eb67b9ba50088e30,13088,1759681936323,0xf9a00231fb773f93af14a2f8861f7f976e953c05,0xbf158a2ae101139d73a0eab88127905eefd3d2b7,6637623061633337613465303433366261356136633439323236666238353634,9000000,0xf4610900,1
29,0x46f9c71b14d37ca4b3b6e3d4366b0ca960b4c6f29a819544895cb82a5161bd21,0xe2b764587435c938da6798f5e208f115959be2d32e005479f0a898338a32bc3b,0x5a276ff0ee76b8b716db8669e422f70f3d59653bb8c44410c22d66a18033e30b,24363,1759683425951,0x4ea6f467aad14c74de1bad9ff86772b980e884eb,,6164613732386634376439623432666561383461373132323863376361313537,9000000,0xf4610900,1
30,0x55e756536856f685de7802bb0a2219fbfd535b4f33f46312f43b1bf7decc2fea,0x46f9c71b14d37ca4b3b6e3d4366b0ca960b4c6f29a819544895cb82a5161bd21,0xa03dd489d7a2b7480a9275f65a708192a9e5beb23b2cbee7746af6310bb64664,13088,1759683426462,0x4ea6f467aad14c74de1bad9ff86772b980e884eb,0x610857669da60d63f4c9e30713bb86a49251fe2a,6338653164663462326238333462373661653832366262396234336636306265,9000000,0xf4610900,1
31,0x588e3f8d26a0e40e740cebf21e103614f184550caf9f97a803e191a70db0bd2c,0x55e756536856f685de7802bb0a2219fbfd535b4f33f46312f43b1bf7decc2fea,0x022171b40fab5b41b78187132a59081adb81aca09c8351a82dbbea0ba34979db,24363,1759683715410,0x1f2339cd38f451fff75d1ac40d5f4d79bdeb3ab7,,3135386230636331323639343439376138306330653530313132633236663136,9000000,0xf4610900,1
32,0x8ed5e648b5566327fde17d812065d1debd9c90b7b9896bd1b41c16e86d0519de,0x588e3f8d26a0e40e740cebf21e103614f184550caf9f97a803e191a70db0bd2c,0xf8bc03c7e6591e6c757cf02b5fb413fa7cc189a0f4ffe266d30c9f5b137f7652,13088,1759683715933,0x1f2339cd38f451fff75d1ac40d5f4d79bdeb3ab7,0x07f5bea3c7a17b8f1c1eab27eaf267373cacb049,6363313635346262623661323461666538303531343231313333316563636266,9000000,0xf4610900,1
33,0xd5ad88cad755c219caf5080c1517d25034317b47bcb5bffb439643cd84ff942f,0x8ed5e648b5566327fde17d812065d1debd9c90b7b9896bd1b41c16e86d0519de,0x326a80d97e7674b6d99e10432785c1711c45ea70cdc3c672e5178f63d3db4915,24363,1759684187170,0x6edadfbd2320725a7a07e420190cfb9a34e4fee5,,6233353934646130613737303431343362643137636433343136636236343561,9000000,0xf4610900,1
34,0xe72fccb3453e905afe16493fe144790913b52ddd0b93b60115c8c55c858146b5,0xd5ad88cad755c219caf5080c1517d25034317b47bcb5bffb439643cd84ff942f,0x36e3cec1ff5c2d3ada140dc28b59fa9f33e7158b39c453f1c7ffd4ac2284e89c,13088,1759684187674,0x6edadfbd2320725a7a07e420190cfb9a34e4fee5,0xc987d2edd07cef2bb02008f14373308383e7176f,6438303734306439623166333432646361386635663835623662356139336336,9000000,0xf4610900,1
35,0x9ecd1bacf33ba499f761bf555a28539bfca06c2ba2568acfe79e93cb711515fd,0xe72fccb3453e905afe16493fe144790913b52ddd0b93b60115c8c55c858146b5,0x18527d8956a7e997d0eaaf19d298670736a33652d23b37eea4ac0b0c111b2f94,24363,1759684292326,0x7a23e2b752f35504c76d22cd048a4e6c216bfe7b,,3032323131346531343538633437383539386238663839663336393938313963,9000000,0xf4610900,1
36,0x64262127141fef39f07741b20cbd7f6837ece827dc6a508f72e5ef4c8545e073,0x9ecd1bacf33ba499f761bf555a28539bfca06c2ba2568acfe79e93cb711515fd,0xa828b72435f5ef0730f1533b4c2f5c59381485f77c455cb0efc6ddd276694a32,13088,1759684292831,0x7a23e2b752f35504c76d22cd048a4e6c216bfe7b,0x4035a74c5f0daead4ae48a9be0415cfaa8a69d34,6232353664356361373963633466326138313966383830313732396333353066,9000000,0xf4610900,1
37,0x895655bedb072ebf9d5f7e1b7f863fb86543461093ead7a80c9266f6b2f0566c,0x64262127141fef39f07741b20cbd7f6837ece827dc6a508f72e5ef4c8545e073,0x8f92dcc5afda7009e8cb5a859bcd8809b2ef372d9893835b0317e361cfb34521,24363,1759684309779,0xdebd08965f594bb2b869e4f2fef1c3eb90412754,,6235386532663639336635633438623938363863333634633864636663343930,9000000,0xf4610900,1
38,0x52f7d1876d31e0d3591ef6b124e85c2ad218ca66120c66a608d569d21d857172,0x895655bedb072ebf9d5f7e1b7f863fb86543461093ead7a80c9266f6b2f0566c,0xa5099e7b131ba401382d7194b1269ba82b9cfdbc6a1511b0558af9f900b0172e,13088,1759684310283,0xdebd08965f594bb2b869e4f2fef1c3eb90412754,0x6c57328b86c9826a3780160a3d0a5ff7680abac4,3535356230393630653563383466313861323262623837633262383432306138,9000000,0xf4610900,1
39,0x99455084b4a9f65afb964c2af35911038ad1a06cd1f00df1e9657932c7d354ae,0x52f7d1876d31e0d3591ef6b124e85c2ad218ca66120c66a608d569d21d857172,0xc45ca7f8ad8616d1f3e5fdc3b8b3e5c3e23bcc45e4426e3253a73e3bae477e1b,24363,1759684387678,0xc28f5a59d01e23400694d01b77e799e079fb784a,,3932363234326332336439623465313561333931346562343430636337663737,9000000,0xf4610900,1
40,0xfe0339dc75a83c069f17a0f81394291b617dfdb65c1b02d2a73363ebba272594,0x99455084b4a9f65afb964c2af35911038ad1a06cd1f00df1e9657932c7d354ae,0x544ad20d1789121855bda57f6310269293fc4775c10615314d6c13a1ad12fe93,13088,1759684388181,0xc28f5a59d01e23400694d01b77e799e079fb784a,0x21f3e1a1b648834aac88e0a2b9a78315db9ab8af,6136363438633033613334353432323339333839613964366633646462646261,9000000,0xf4610900,1
41,0xcc5d0a5833a73a414f4df844f729f125ad2923b05ea7a14b0236c03a451fcb27,0xfe0339dc75a83c069f17a0f81394291b617dfdb65c1b02d2a73363ebba272594,0x515e7468bb5aae5d7a392e192a7b1df60b846149cb31d02dfcdfd0b7d8726296,24363,1759684427507,0x6d3e43b76442ab7e56fda9dfe9c5cdece9eba4ab,,6634323163306635373235353463363139653139383561656530353962656365,9000000,0xf4610900,1
42,0xb4ce422dc65d84f95cfe0ddff61b5b785583ccafe2865623ba4b5bb05737f37b,0xcc5d0a5833a73a414f4df844f729f125ad2923b05ea7a14b0236c03a451fcb27,0xfdeb854eefc291ebc88c4e771f50bf6da155d32480a6fbf7bad68146ebc1bc28,13088,1759684428048,0x6d3e43b76442ab7e56fda9dfe9c5cdece9eba4ab,0x3c7594a57ebaac586afbec8768baf977e179de7e,6163336261663232303731373435383262353465363231653563396363393431,9000000,0xf4610900,1
43,0xc5dc658521253a1fb4c6471823a9ac8b829893b5cb2868e6444e31ba4791b83f,0xb4ce422dc65d84f95cfe0ddff61b5b785583ccafe2865623ba4b5bb05737f37b,0x31f2b711faf0bfc566423f58ceca4a647da122dc0adbbc734e10a3e8b405f0e6,24363,1759684748322,0x5abf320bfb7c9b202977b72a2b5038320f86bbd3,,6439623436623931346432653438353539386132646462663163396364323766,9000000,0xf4610900,1
44,0xbeb76e0458af5aace1436890e87bf8b1c0e256ab5fe28529ada0c8c1606828c3,0xc5dc658521253a1fb4c6471823a9ac8b829893b5cb2868e6444e31ba4791b83f,0xd6f76592e68bc97eb2262204ee9a95946c105131ce3d87528be4f600bb84f2b6,13088,1759684748886,0x5abf320bfb7c9b202977b72a2b5038320f86bbd3,0xa5e3abd0cb27dfb980addf7a906a8e28d9cd9d3b,3036303765313439373066353462396162663466326364373465386532616132,9000000,0xf4610900,1
45,0xb83a1f0861c594d7ff71633a1ed7f928027877a8408ce2fdec370088dd587e75,0xbeb76e0458af5aace1436890e87bf8b1c0e256ab5fe28529ada0c8c1606828c3,0x2df3515bc5864557c10c9ffedd5441b4e695462b6a184f00e00a223d421a6f47,24363,1759684827840,0xb7d564b82094d70e2588de2709c6b93b7ff2d779,,3165356333616462303838613434666362353530646639653539363863613839,9000000,0xf4610900,1
46,0x0b0f8f64e99c1e4b2720b62aaa9bed03401bb76a3333cec6586b08a898569b18,0xb83a1f0861c594d7ff71633a1ed7f928027877a8408ce2fdec370088dd587e75,0xb42e2ae171d42739620ff5d2a9380f8d30399791150fd7a414be424eed8beed9,13088,1759684828345,0xb7d564b82094d70e2588de2709c6b93b7ff2d779,0x7288e7d58c74afc02eec34cbc8f041453a01290a,3735343262663738303139643461393761323136626239666561303936386533,9000000,0xf4610900,1
47,0xb8fa8985bf5b057e402e6e0616ceef157b52c7f3546df0c978dc290e93d0dee4,0x0b0f8f64e99c1e4b2720b62aaa9bed03401bb76a3333cec6586b08a898569b18,0x48a8d29a2494fdb06258bd221340bddf3af5195d60b20137b24bcc87b0fe5489,24363,1759684864504,0x25884c6124be75e1766255794960c201745baf2c,,3161333061373839366138623433623961643139633331613766343331626461,9000000,0xf4610900,1
48,0x152c4cc209b303bbc17de0d4c4b06667834d2d4c3f7c5c941745f1b47d4e23d2,0xb8fa8985bf5b057e402e6e0616ceef157b52c7f3546df0c978dc290e93d0dee4,0xc1c82952df6c2f7e6112430f9ac7bb59863f20fff0f459ee7f601f93a0f2e161,13088,1759684865010,0x25884c6124be75e1766255794960c201745baf2c,0xf5059ebbdec21bcecec00dfed84b9103559f43c1,6331313634313865373632333439636162656533333932366161656435386631,9000000,0xf4610900,1
49,0x0a42d44e18b0dc4efec5283b604c23485688b5b81133e27507f3ac9f7f8cdc51,0x152c4cc209b303bbc17de0d4c4b06667834d2d4c3f7c5c941745f1b47d4e23d2,0x1fcb4fda5c9840c5a7e352d2b83b242d04a1d0ee9a8adf9e4f25ffd28054c5e7,24363,1759684894234,0x8026ce1d1c70b9adfa3abbac8fcdb90bebc8470f,,6435626630653136313930313439613961616530323762643664376362353663,9000000,0xf4610900,1
50,0xcd5af5c8172bb2a63913cace46a4a9da57d81ecdc2eb46558958db9c35679d4f,0x0a42d44e18b0dc4efec5283b604c23485688b5b81133e27507f3ac9f7f8cdc51,0xc9c739f35999e5ba8fffe5733f0c8e4fd766f2a747db09c0cfe9f2cb6487201b,13088,1759684894750,0x8026ce1d1c70b9adfa3abbac8fcdb90bebc8470f,0x247d2809cd54267a00af94bb0528317845e5a4fe,6331616538623932346663373463376561323237346338313030613465633837,9000000,0xf4610900,1
51,0x2c9f8db6a63a4aafc046aaa40733651789e5552f7a8496e1f52bc96a96285d54,0xcd5af5c8172bb2a63913cace46a4a9da57d81ecdc2eb46558958db9c35679d4f,0x3ba7de4f633064cd43890bc49b7d2475c3eb295820ffd99f958f25c23903cb99,24363,1759684901820,0x26774b7035c26569747b959e7b35c8ce51067e1d,,3463633932326530663635343433363239393532333366323239326236356437,9000000,0xf4610900,1
52,0xeee45fafa589c20def4dda94008b6c550c56cc8c9a13514fb4294881cef074d5,0x2c9f8db6a63a4aafc046aaa40733651789e5552f7a8496e1f52bc96a96285d54,0x2cc7230666994b58f6a2946b7e74c9158507873a7eb1a1c0f0392f0585cb1835,13088,1759684902325,0x26774b7035c26569747b959e7b35c8ce51067e1d,0x2022052c63ac06768984abce6a3a2f889e9542db,3837663334353839643465323439346161666462353466666630656231343365,9000000,0xf4610900,1
53,0xf3c490fe2f8b12f8fcfec7b6e80ac9a19a0fffd12084bac505436b23fc298012,0xeee45fafa589c20def4dda94008b6c550c56cc8c9a13514fb4294881cef074d5,0x51a845a54080544ac83426b0d5ddb6835455e480e576b981485146d7e6ebc845,24363,1759685126274,0x2ffe37181f22bf99499c58d74e2b2681b61e119c,,3130343164373432393864383432626338353330633966323933306136616435,9000000,0xf4610900,1
54,0xce76925d66126e0f00991aed7fa7dca14b674bd5faebca5ea3e5c5e9b9970b80,0xf3c490fe2f8b12f8fcfec7b6e80ac9a19a0fffd12084bac505436b23fc298012,0x986a034dcd2c12f45ef6dc920dba381869d98e18386348e340374c7a55c2f9dc,13088,1759685126780,0x2ffe37181f22bf99499c58d74e2b2681b61e119c,0x7a9b6d564d5d191093a29b7c760dd6af931cae73,6162363661366437303963343466613462343739666462616366396437663263,9000000,0xf4610900,1
55,0x330a349440f8d0271946a52b3aafc51c68c5c66912526f9884dd81b95ec4a8e7,0xce76925d66126e0f00991aed7fa7dca14b674bd5faebca5ea3e5c5e9b9970b80,0x8b513234f48e82f561b05c7d1696b7b8ef0ca228ad1c6f95f1c637f70b47c0ca,24363,1759685161584,0x3a4c1d7a7b763705a23f1f2d9971a289dc82a2bc,,6131356563376238613537653433346261636564666134336332373837373565,9000000,0xf4610900,1
56,0x14c86d600de52e6f3db9c959f8533aeaeff02a252abdb2dea5964d324bec3a43,0x330a349440f8d0271946a52b3aafc51c68c5c66912526f9884dd81b95ec4a8e7,0x454852c13cb8430f8443de14dae5c8bd18354099d7312545e28c8044e3c1ce4c,13088,1759685162089,0x3a4c1d7a7b763705a23f1f2d9971a289dc82a2bc,0x372158758e36a4ab04cdd1df310fa19786d58649,6262306536373632633762643464343761306134383561616235383765643863,9000000,0xf4610900,1
57,0x7e6b73d67748587bf29aa431223d1b363d0011fd2bf84f4701894e4cfdcc8d98,0x14c86d600de52e6f3db9c959f8533aeaeff02a252abdb2dea5964d324bec3a43,0x909a19a59da79f298c37866f20a8e5bf51e28cc8f8e56bdc4269e814a09d2739,24363,1759685317770,0x6c7c24e32d4333dd2d622da2542d93ce12e23391,,3535313465633061386538333433316361393364616538633066323033366461,9000000,0xf4610900,1
58,0xd955209058525474a8c3bb540a2b12a5327c5e6acec534bac1121817d302b49d,0x7e6b73d67748587bf29aa431223d1b363d0011fd2bf84f4701894e4cfdcc8d98,0xf391f65a419f46ac283fb48ed851eb9ae87017b9d4439faf0cd064bc69dc595b,13088,1759685318280,0x6c7c24e32d4333dd2d622da2542d93ce12e23391,0xa2577385c5d9eb63b6bb230325e28c7294650f44,3064666461613162323438393435336662646465633330313638396666353739,9000000,0xf4610900,1
59,0x693281844cdbe04ab6811b051eb3703276a068f2d9b3ba3a9dbf82baabcbc31f,0xd955209058525474a8c3bb540a2b12a5327c5e6acec534bac1121817d302b49d,0xd7c5836bf568f74195aed7a8ca545b45991dc182fa860a13303b601bf81a79cf,24363,1759685334205,0x6a17a222a16ccc3b9f7adb3ec7871ca91dc277a3,,3339656362356466376534363465646439633531653061663438666432353934,9000000,0xf4610900,1
60,0xf1d13c589e7948d910a2e91f773441ed94afdddfc5c16cd662e63f61bbafd5c0,0x693281844cdbe04ab6811b051eb3703276a068f2d9b3ba3a9dbf82baabcbc31f,0x5df7c98569210fa5f5c6775b1c33202254af1dd60f8a97068f02be67a0b0fc3a,13088,1759685334745,0x6a17a222a16ccc3b9f7adb3ec7871ca91dc277a3,0x075ad4257046eb5d1d7fe56ec5a051e6afc5494c,3637313930386663653937613430646639323663666535363935356265613565,9000000,0xf4610900,1
61,0x9695b9f64997ce721ff00f3d7d9d57a718e32148b9c4759071522e4c44a61e39,0xf1d13c589e7948d910a2e91f773441ed94afdddfc5c16cd662e63f61bbafd5c0,0x00f1cd87a25502d0746125a85499935c3962f44983186f84569e70b100d07346,24363,1759685344135,0x05493d42f2d4b30c5afd2b976fe4af3b67da1e5d,,6638353462353561306362643439346439633163636562636264613332396236,9000000,0xf4610900,1
62,0xa1bcedd0b877719e432f1484e0438f0e6acddf890608054d926aceeb18edb292,0x9695b9f64997ce721ff00f3d7d9d57a718e32148b9c4759071522e4c44a61e39,0x17dfbb69a912e3de5b009a2cb85fc1a815d8b5ed6a5e387e67e2be7461b702a9,13088,1759685344678,0x05493d42f2d4b30c5afd2b976fe4af3b67da1e5d,0x04fb7c03622818dcde5e6867f249c4a0f091848a,3238613135363039376232333462316362383839336630316335356631326331,9000000,0xf4610900,1
63,0xb06da479d8aed9b7d554cf1878fbebb919f62474dd5f7fcead92c4da5be97d12,0xa1bcedd0b877719e432f1484e0438f0e6acddf890608054d926aceeb18edb292,0xb037f46020f2ad7d2029f5ed442bba1589eff85fc202829fd3325a369db0f02f,24363,1759685687017,0x3d6ba0f4bb729f2b1cbc92236a90895145e99424,,6266393262653361356439393466666461353065363431376438653531363239,9000000,0xf4610900,1
64,0xc2094f26fb190c4500213c3046ea73ff80b9e4069a22c658038a8027e057b757,0xb06da479d8aed9b7d554cf1878fbebb919f62474dd5f7fcead92c4da5be97d12,0x76a71e202fea79ccfed0a22d9041bbb9149ea9f5c683e28f80b3f6e5c5a0cb29,13088,1759685687560,0x3d6ba0f4bb729f2b1cbc92236a90895145e99424,0xc6d3e4385c5e6bad797295431352da6f94b70ece,6336386636393239613964323466316562383133623965626539393235356431,9000000,0xf4610900,1
65,0xa3743fd4a6c0bdde4d57b9436a2a35436ceecb866e36aa2d8335d5dd314f54ce,0xc2094f26fb190c4500213c3046ea73ff80b9e4069a22c658038a8027e057b757,0x4e3e3663a7af18760d3836af630bc3537f58012db8f1d3eafa2de2b53b7950e2,24363,1760251068153,0x6e12f847846c3c9177d168a12238c0a4f55525af,,3132376662333336366461653465363139383864656331313332666663633635,9000000,0xf4610900,1
66,0x1290088b12885f66dce46a693c0f205276bf327d8a6c28f9362d8798716578b4,0xa3743fd4a6c0bdde4d57b9436a2a35436ceecb866e36aa2d8335d5dd314f54ce,0x2455ad514fc252737cb04c443a8f862b94383d4f613997a864c1fd1a263cb0c1,13088,1760251068660,0x6e12f847846c3c9177d168a12238c0a4f55525af,0x024671923ced56a7e9fc8a1b348353474bcaae48,3733336137383134626239303466616139643037343632393062336131616633,9000000,0xf4610900,1
67,0xde58c3c65a41837efb4e6f561de2ded374d48a07365e20b829580090bd8fc601,0x1290088b12885f66dce46a693c0f205276bf327d8a6c28f9362d8798716578b4,0x5f0e920ebdeff461cf1d73849996f5734480d55fb92dbaee6363e853d5fd24a0,24363,1760251159672,0xa1aa9f06167cd722c136f379d726aa5cd112993d,,6136393562353638633063633437373339636461316663663132636436633563,9000000,0xf4610900,1
68,0x48d6918d3c9aba749759e3b9717c0a9cec50e59e4cbf00290a12e3f4eb20871b,0xde58c3c65a41837efb4e6f561de2ded374d48a07365e20b829580090bd8fc601,0x792bceaa609ddf7c5c2da6aa60726c1251efbddd50b82cc2d4834cf09dc259d4,13088,1760251160216,0xa1aa9f06167cd722c136f379d726aa5cd112993d,0xc7cb36a6b8654e25edaf60055daedcfb2991a379,3233333932393638643537393462396462653833636636376234393739616465,9000000,0xf4610900,1
69,0xab88d835ad6f8001a96b46f2656a29164145e120b86a1660c95d1d87e78425e1,0x48d6918d3c9aba749759e3b9717c0a9cec50e59e4cbf00290a12e3f4eb20871b,0x2ba3e8064024bdf9dccab5054793a7794730e9b9b385d8c8e7de04c209381f94,24363,1760251510713,0x1ff470d675fb18128646a9eee5302dae09a039f8,,6339396331313030376466313434316439353831353234333366333533313533,9000000,0xf4610900,1
70,0x299807f1f82c830a2d5c173218f98ead1d9fb87839e6731070c331663eb2dea1,0xab88d835ad6f8001a96b46f2656a29164145e120b86a1660c95d1d87e78425e1,0x16a1e16f7dea43997a3d47fbb64baca43ec259e1386c45fc89560c0b63f6710a,13088,1760251511259,0x1ff470d675fb18128646a9eee5302dae09a039f8,0x8a5f6e85dd884eede6f9de1bbfc1d9d5951f00fe,6564396263616463353634643465643838363839666236613033383735393961,9000000,0xf4610900,1
71,0x99f5d9a33bdaf8e277ace47af9eeac82d9a366565580425426544e1a7e3f6dae,0x299807f1f82c830a2d5c173218f98ead1d9fb87839e6731070c331663eb2dea1,0x3b0fe2d8a6465f16a71ba1bb89fb79d94eb789f48f00b2d251b28453c567f6f4,24363,1760252926225,0x91944b770e38f32c8ef71bd0d61d06fb02554921,,6135646136323665646138653431643138646439636132393939663761663165,9000000,0xf4610900,1
72,0x178ac2aeda7483cb9415dc7ab0ae44bb39f5b262775fcfa611722edc7306a2b9,0x99f5d9a33bdaf8e277ace47af9eeac82d9a366565580425426544e1a7e3f6dae,0x11f1576c73a3713beec9511fbfc5ee9e439e4d6a974cfa7dda16e97e93f1e2c1,13088,1760252926732,0x91944b770e38f32c8ef71bd0d61d06fb02554921,0xbf5dabac8a87e5d1f8da357e119c0f19f8c40b91,3039646538613234353638383432313038393839613562666331313030353737,9000000,0xf4610900,1
73,0x4986f152a37d55eca5129b30577f1b8f7f07b61537842bf9f48a66842f31d729,0x178ac2aeda7483cb9415dc7ab0ae44bb39f5b262775fcfa611722edc7306a2b9,0x61a7afae3bc14c92fabb72fdffbb91637ba73dc3b9b66aa98d89aea834fe32f5,13088,1760252927238,0x91944b770e38f32c8ef71bd0d61d06fb02554921,0xbf5dabac8a87e5d1f8da357e119c0f19f8c40b91,3934393461353235656264633437613138343361313530653034366463386330,9000000,0xf4610900,1
74,0x2cd4825eea5740db68d14af3cfe2d068163446c7eab644b42c551a7d63f0b9e2,0x4986f152a37d55eca5129b30577f1b8f7f07b61537842bf9f48a66842f31d729,0x38ca0d7d7d1ac0829105985fd0d4bbef7a5815b23923225b9e365abae05b1fd6,24363,1760253106483,0xa97c80faa451fbfa5895d5268ae8d5e94e711e6a,,3763616533343861313932663464393762653531336134363235326561346230,9000000,0xf4610900,1
75,0x3a635a918c204650fb6e8c8bf4fb38b988f88551c98b12e626eb5fb8b164c843,0x2cd4825eea5740db68d14af3cfe2d068163446c7eab644b42c551a7d63f0b9e2,0x505aaacc1f94247d5f4829e5997492408291bd670142458f75a5512a6e750bd6,13088,1760253106991,0xa97c80faa451fbfa5895d5268ae8d5e94e711e6a,0x59aeabd0a745ff23a999710cfadb3893be0ca456,3134633762653134313839373466636361373634336433386235643539613263,9000000,0xf4610900,1
76,0x2e972a4233141861f961dea4253324dc0ed9e06e5be9129ce37d72668143d0e2,0x3a635a918c204650fb6e8c8bf4fb38b988f88551c98b12e626eb5fb8b164c843,0x5a244bdebda35aa63a687afb54e8bd5cfeaa7ee6d771b8407187a464cf945509,24363,1760256816454,0x103d5a92e33634398e0833aebbcc0b74b99c1f0c,,3839613336353639613966653431343361306235376633373939666436386234,9000000,0xf4610900,1
77,0x5a3dcf6f9a4cd4d4e2de4dd916238f473c4c929755fca8b9cd981b8d72fc2339,0x2e972a4233141861f961dea4253324dc0ed9e06e5be9129ce37d72668143d0e2,0xd9f151f16146da3bbe82aab6fa42e7b415802436c3b31163d40f9f8180206380,13088,1760256816998,0x103d5a92e33634398e0833aebbcc0b74b99c1f0c,0xa5345979d79b8398b154fc1b2153559ceb03b77e,6634303963633532613765643435343839633063306331353866396433303834,9000000,0xf4610900,1
78,0x39eed259004a9a289c01a184e878fb026434e0af469b892bc8481b97dc55c9de,0x5a3dcf6f9a4cd4d4e2de4dd916238f473c4c929755fca8b9cd981b8d72fc2339,0x8f25cbd5553010f7a4a9744885fc039da391f282b3180bf27d1f9ca240c7f9ca,24363,1760257034364,0x4282f34aacd163e805f7bdf80c8c00a9d2ecf349,,3830623833646134663764663434343362653830386262353162386639353864,9000000,0xf4610900,1
79,0x5810ccf1a11383947bb1ca1bdd72a8ca0acfa8b0518ec2d35fdfafb1808f690d,0x39eed259004a9a289c01a184e878fb026434e0af469b892bc8481b97dc55c9de,0xbf875c3acf28b01082f0842b6855ec2e343cf53ac8e1292cdb3fab21b08a4349,13088,1760257034870,0x4282f34aacd163e805f7bdf80c8c00a9d2ecf349,0xb3aa7a6f43eb2cb0cf2099f4f5e170efc63ee1d0,6161653335643034303564303433383039333063363934626239343663373035,9000000,0xf4610900,1
80,0x507fd758a16ac0688e89a34d7ca68fd630db0ef03bdc5a3a32096075629a88d7,0x5810ccf1a11383947bb1ca1bdd72a8ca0acfa8b0518ec2d35fdfafb1808f690d,0x376fb8d8b993ba96dd66c9d3a9795f1296308cc770063fbc198a2bf4a5be06e6,13088,1760257035380,0x4282f34aacd163e805f7bdf80c8c00a9d2ecf349,0xb3aa7a6f43eb2cb0cf2099f4f5e170efc63ee1d0,6337616664633865366239393434663661633265393331396633363362613033,9000000,0xf4610900,1
81,0x6400d9cd62ba3f14265a39ff292e822926172687240d3da226eac46cba67ea40,0x507fd758a16ac0688e89a34d7ca68fd630db0ef03bdc5a3a32096075629a88d7,0x962ded7b04763e9127ecdc030529894239e3f2d3ded20dc2d2e95c590bf23e47,24363,1760258244551,0x5dbdc6432b06b5747fcb4374323985b4fdc11786,,6334336430653461303835303461653361373734386539363164613564653664,9000000,0xf4610900,1
82,0x3a7f8e970f9e41cefca2e8e75b48476970d198a2c4ac3807db711f25348db090,0x6400d9cd62ba3f14265a39ff292e822926172687240d3da226eac46cba67ea40,0xca38774fa3d9d583920ee39ff9ea5091ff8b13057cd2336f506dce0643e642fc,13088,1760258245056,0x5dbdc6432b06b5747fcb4374323985b4fdc11786,0x34ef062bc977f3fe2ef2a2eee4b445843b4adfeb,3537303235373339613466323462613238306666643136666134383531653734,9000000,0xf4610900,1
83,0xb488ee4efaf3f2b1b60b9eaa5b7b0596f918af5737ec41bd6eba69f4bb95e9a4,0x3a7f8e970f9e41cefca2e8e75b48476970d198a2c4ac3807db711f25348db090,0xd8ce024b6cbe0827c174b9eea11bf06675126c8f22d1d7e8297688bdaf8df662,13088,1760258245571,0x5dbdc6432b06b5747fcb4374323985b4fdc11786,0x34ef062bc977f3fe2ef2a2eee4b445843b4adfeb,3137356131623539336437373434336138663730323031343136666232643565,9000000,0xf4610900,1
84,0x5a3c52502a5ebfff67a5669815a552739bbdce55311cdc1b15317610b9331763,0xb488ee4efaf3f2b1b60b9eaa5b7b0596f918af5737ec41bd6eba69f4bb95e9a4,0x9bd907f50ac1b84231d0312e410e11b80cc8d8bdcf3ae452e55fb0b62f07a72c,24363,1760258282715,0x315bc7582a48088f328f33d93a6515ea2a559385,,3766613335656230346161663461626239373831336236396639336333366531,9000000,0xf4610900,1
85,0x22a364213f7314e332b2298103efabcf6da10bd59a02fdba85d130f285eccb24,0x5a3c52502a5ebfff67a5669815a552739bbdce55311cdc1b15317610b9331763,0x8f2a8fed794e0af38bfbdbc9247e4e14e902fa162f24512db60abdf97a010e2c,13088,1760258283221,0x315bc7582a48088f328f33d93a6515ea2a559385,0xc02dc5133c5e635c16adf4ffda4b7a2e8c5ada96,3833316538333661306232653434643162373936396436346265316564336461,9000000,0xf4610900,1
86,0x904b73499f0b904bf669323edfebbbbbc52098ff3047185d2f0f84093c9036df,0x22a364213f7314e332b2298103efabcf6da10bd59a02fdba85d130f285eccb24,0xd74fa44e62666e72bea32379b76bbd50dbbf7a53fcbdaa454e7178649556cf5e,24363,1760258522520,0xe75c98ee796347ba16882dcff301733670617c41,,3833663831306163643564363430656539376532313739333537623466333064,9000000,0xf4610900,1
87,0xb4aba452f53300b98619ea2c86362f9a09fff444ca59aba52b3eb23074f95899,0x904b73499f0b904bf669323edfebbbbbc52098ff3047185d2f0f84093c9036df,0x0ea54a5d48872b2ae4b7d7bec490f434d22538fd2b916efee80f4a09539e759f,13088,1760258523024,0xe75c98ee796347ba16882dcff301733670617c41,0x943f2cd75a393e987d5f3873cad2fc71128715b0,3633306664313331313631323464636638636332313135656666393330353264,9000000,0xf4610900,1
88,0x64f463d9c0b5e77da5a589cee50a049fa0bdbf2012c1322081d637621d94c7a1,0xb4aba452f53300b98619ea2c86362f9a09fff444ca59aba52b3eb23074f95899,0xdfa85aa89672cd56f63a4e0d3ab517e67d96d6f70e11aee39d0e83269c2c49fb,24363,1760258923930,0xc7d8735e6d5c61571c3504f8b38b7ee9bd8111fc,,6533666666386665313165383466363661333330323632393933373738303532,9000000,0xf4610900,1
89,0xedc0614c1d269c9bc6d2fa62ae035a18d51ac712acdf8185f15f3a5202c4a9ad,0x64f463d9c0b5e77da5a589cee50a049fa0bdbf2012c1322081d637621d94c7a1,0x2fb168aeac61c42b9942cd76be8b3c35011ba6b600ba1cc704127a661472eb5a,13088,1760258976497,0xc7d8735e6d5c61571c3504f8b38b7ee9bd8111fc,0x717570d925f97a1bc4a852b61fe89b46a1294b2b,3430623834306162653731363463646262366139333561663564356330326437,9000000,0xf4610900,1
90,0xdb385e43fb12d0439616de92f1c9701ecff43f4f7f9a8f19d66de9f473b0807b,0xedc0614c1d269c9bc6d2fa62ae035a18d51ac712acdf8185f15f3a5202c4a9ad,0x2c3908b8effea6ceb1cbc4894b918ac893d9e7b12fa1f2198d81e1e16c796722,24363,1760259004140,0x76f801447fb800e6d19e3f819b47f7c59486d60e,,3832356237383466373438363463316261363730326334613830356464353562,9000000,0xf4610900,1
91,0x34884503fb48992a5cb8be6d0a22df1ac2ad29985d7f4830b29edcf3f7677acf,0xdb385e43fb12d0439616de92f1c9701ecff43f4f7f9a8f19d66de9f473b0807b,0xb224c83a922a634cc7daa8335f39a1b272fabc73c7ca296bec4dbdb31a617629,13088,1760259021061,0x76f801447fb800e6d19e3f819b47f7c59486d60e,0x73fac4d3107689125edda50beb4ab3dbd0d9fdd0,6666306439333030643339653465343239643836646565616661643364653366,9000000,0xf4610900,1
92,0x6a1e08704e1dd0cd29c7ccdd93934a3498b0a24f3d2626408318df063672298d,0x34884503fb48992a5cb8be6d0a22df1ac2ad29985d7f4830b29edcf3f7677acf,0x88ef32edd8d41062bfe927be9912190211aba780014c35b89da2fe3a46eb4dca,24363,1760259621298,0x25967e2bfb7065762984fb7fbe9a2b35f4605f6d,,3237663935323737653532363463616639343532373761653063363134663734,9000000,0xf4610900,1
93,0x0774ca2c5f86eb5f9fc2509c4ad8f0ee37f07165ef80bb5ceaa6c8ad4a9e4288,0x6a1e08704e1dd0cd29c7ccdd93934a3498b0a24f3d2626408318df063672298d,0x2839eb31d0942fcd80e6b577e4f6c1712d57b70350394e3a8d5acf9900c328a4,13088,1760259621843,0x25967e2bfb7065762984fb7fbe9a2b35f4605f6d,0xca80ec3167e5dcf196bc8382ad155c71674eb507,3063646138663531373735373436653162323333643930303630336431386363,9000000,0xf4610900,1
94,0x24d187dcf060380ca8bd7981d9dff5c83e8a811302ccebb9417bb88aa11c7469,0x0774ca2c5f86eb5f9fc2509c4ad8f0ee37f07165ef80bb5ceaa6c8ad4a9e4288,0xa3882788279d79cbc2c2be90d34206f3b0ea3901fc8db6ca8719ce83fd73a377,24363,1760259999225,0x68b5de2f4ae92a61dd8c3175b4e2cab11fcbeae8,,3361393238313339333364363436386638376430393935323664613263343866,9000000,0xf4610900,1
95,0x52d0e711a616f374c419252ea24428f1a824049d836118f7efad30baf607a0b9,0x24d187dcf060380ca8bd7981d9dff5c83e8a811302ccebb9417bb88aa11c7469,0xe8de5e1975aca24537cb6e40de1e7033afd9028573dbfb6e90d1b6c4ab850dba,13088,1760259999732,0x68b5de2f4ae92a61dd8c3175b4e2cab11fcbeae8,0x22e553a655f3544da4ee50e625478ce05e3542a7,6135373833363962326238623431343139656630326631373232333333616132,9000000,0xf4610900,1
96,0x72e82e98f90c2639def0cbd2ddf4c541cbca29ef5634e06fde7ff52e26e615ca,0x52d0e711a616f374c419252ea24428f1a824049d836118f7efad30baf607a0b9,0xafa8bb44d4560da9e0363fa76501f0e45b0a68f12b6af4b40e5bf093a4f5f3d9,24363,1760261646455,0xbe1f281624080d63a31778e3dc5b51077b5c25e9,,3238663263313736306431663431386662306533303934643237666535303534,9000000,0xf4610900,1
97,0x633b3ac6e5487a2b970c7b6a9569277fa07042c3595adc8d590235af09d56daf,0x72e82e98f90c2639def0cbd2ddf4c541cbca29ef5634e06fde7ff52e26e615ca,0xe609c30cc3809f6d08ccced7e6243aa038d5bdecba155798ccdd5035b5478b7c,13088,1760261646960,0xbe1f281624080d63a31778e3dc5b51077b5c25e9,0xdd9b25fe85ca2df31276bde76d2ce2cfc15724dc,3937376530633432623462373463353662326537303738333230666533313038,9000000,0xf4610900,1
98,0xe29e71f2a5946fc70c0897bdf35a4cf089866d423e5f4244388dc1e74d6b667e,0x633b3ac6e5487a2b970c7b6a9569277fa07042c3595adc8d590235af09d56daf,0x6a17882ba0812533d7361c5219c79d8aca0585ddb942f290b2c4d9b2fe736ed5,24363,1760262057902,0x1334303da901c415ba475f1c5111e216a031e524,,3437383638663138613564343465636361333165623332396330383239623161,9000000,0xf4610900,1
99,0xec0e120377cd30c7f89ffdcc1c48a6860331376508a7c5e38995a2da6d994c2f,0xe29e71f2a5946fc70c0897bdf35a4cf089866d423e5f4244388dc1e74d6b667e,0x0a78b9be02591670693c1749daafb07175a6685f44580c9050433a03b575c266,13088,1760262058485,0x1334303da901c415ba475f1c5111e216a031e524,0x37ce8dabeeb140fc64247c421820c5887918723c,3639653861636565313766323434343139626366313935353264343339646162,9000000,0xf4610900,1
100,0xfa6f6f0174f5b3b980673055882ecd24391b9f1003cbe206aed79718453ed019,0xec0e120377cd30c7f89ffdcc1c48a6860331376508a7c5e38995a2da6d994c2f,0xb23ac20dc899b7ee83321a7f75f2fc97ffc83f380c409e16d56a26d720ae3376,24363,1760267009542,0x3d3f819392d5d9b93fea810be9a31eedf7e3e3cb,,3739363761373231316235323464633162316435666331396439343733333330,9000000,0xf4610900,1
101,0x9e82889521a707608b4d08714acfa99ca008ac328626fa110fdb89ec0fbef66c,0xfa6f6f0174f5b3b980673055882ecd24391b9f1003cbe206aed79718453ed019,0xf77f653650b6e11f15433fbe8b088e9040a58574fef4864011a68d1fb20c0d7e,13088,1760267010089,0x3d3f819392d5d9b93fea810be9a31eedf7e3e3cb,0x713ab8e2926bce2cf29efb0dd9a82f02bcfc96e6,6337373333343366313739393438636562363231613664386264333134306336,9000000,0xf4610900,1
102,0x4d5d1cdc022c1598df835e4aaffce2f1fe31c41dbe4768fbace2db233c911d64,0x9e82889521a707608b4d08714acfa99ca008ac328626fa110fdb89ec0fbef66c,0xba0c699677df978a5ace76f59fdf0a7cf53d1ceafe6769ee7475d31a3ea0ec9d,24363,1760267389087,0x8c99548c9ddd526e8fa0b2b9d9774a20f7b7d91c,,3563616466303036313837613461373661316136613638663130396433653061,9000000,0xf4610900,1
103,0xcbcbba144e98fe7bbf73473bef17eeb2d5fee3af0185b4364b073962e5f41155,0x4d5d1cdc022c1598df835e4aaffce2f1fe31c41dbe4768fbace2db233c911d64,0xae8e4e6a11f3482a4ca6731a436ee3f19422046c0060932c0519eb9d8b13c3cc,13088,1760267389593,0x8c99548c9ddd526e8fa0b2b9d9774a20f7b7d91c,0x2efe318336e2a3adc7330d22795919f0d0a84940,3961643636323761623638343464366138353732393233623030383563636639,9000000,0xf4610900,1
104,0x01fe3228b274db92cd7a1c0fed82d208f385579c034a2453e465276493ef95ff,0xcbcbba144e98fe7bbf73473bef17eeb2d5fee3af0185b4364b073962e5f41155,0xe212d7a36fa6d4961695f7d077b934b83dbfaa884e741448ffb9bcba57fe8ef2,24363,1760267530814,0xa2c060b2bf87526f7845765c59863b52fee109e1,,3038333334373035613566633464306362623530653230636134646538343031,9000000,0xf4610900,1
105,0x2cc78d5a8fd641aee25cce648f8da46b98900f2386d5f0aaeebb6c503f26ec86,0x01fe3228b274db92cd7a1c0fed82d208f385579c034a2453e465276493ef95ff,0x5cf2a5f9c68039c5514c68b0b79ad70a3e038200ffe848690d223f30bd5b4059,13088,1760267531323,0xa2c060b2bf87526f7845765c59863b52fee109e1,0x61f1f711038f9fa7393c39e80f442e294eb2acee,6535333231356662343262373437616138613130626439616132363937666466,9000000,0xf4610900,1
106,0xddcc969d1bcdd22ba3513cc18d07a7b5b6c26ff3fbb7eff84442b4cf3405d77a,0x2cc78d5a8fd641aee25cce648f8da46b98900f2386d5f0aaeebb6c503f26ec86,0xa69e7cfcf7a1288a9a17e53ab81dc1335d7e6b2345fc013be6ec2666adb97b0d,24363,1760267733219,0x8769a1e88adc93cd532a43a417c9c8fcf1c5ada0,,3763373339376564333661323463356262393438643439653231363330383965,9000000,0xf4610900,1
107,0x0da1e2704973555f893975560ff044e4965ef272c46e6a3c66ff8b196a2e6598,0xddcc969d1bcdd22ba3513cc18d07a7b5b6c26ff3fbb7eff84442b4cf3405d77a,0x4b6baf04cd341d7aa209d9c5664641919cadfb4bb5b420b766236262a6ec7d62,13088,1760267733725,0x8769a1e88adc93cd532a43a417c9c8fcf1c5ada0,0xdb0f7d18ef07d709dddaba0bd6443863125f9d3d,6439626664303962343533363430336662373230643233353137383063363530,9000000,0xf4610900,1
108,0x206d8b4918256097a40afc5cf4a0eb8a8e71fd44e738993dde119052ff3e7bd1,0x0da1e2704973555f893975560ff044e4965ef272c46e6a3c66ff8b196a2e6598,0x6aafa7d040c1c7607cbef43eca27d86573f3e8be2cb69e3ae13e694e5ffc93e7,24363,1760267869779,0xc8ea38e38e23548a4355916f6198bf0c9cbd4daf,,3265356236303134633130303464646661353732363238316436303133373036,9000000,0xf4610900,1
109,0x5eb33c414a0dbeb5f31b4270f6b02879df4aa74ed18ac96767210b76c03d4212,0x206d8b4918256097a40afc5cf4a0eb8a8e71fd44e738993dde119052ff3e7bd1,0x3df6a71500b3e618da383b13a491fcdf89290de6a725e154c21cc257cef71799,13088,1760267870284,0xc8ea38e38e23548a4355916f6198bf0c9cbd4daf,0xabdec1afc7c33bfa172af8e5a7db09d8c999015f,3533323238623433613432623463323039643836383262633164643830373963,9000000,0xf4610900,1
110,0x3e04732dfd737ef416a8d59684ab6684d8d6880b8bdcf1ad5f21f14fc8e29a56,0x5eb33c414a0dbeb5f31b4270f6b02879df4aa74ed18ac96767210b76c03d4212,0x88e8ce6c831c618f7930443b0270d0bd63b08ed24eb0773d9da8f9dd027e7901,24363,1760267910367,0x4c3424e7f24e26ad6c657596b456a2d0e1eae5c9,,6566616332626564633066373432316262633964613039653462323562343534,9000000,0xf4610900,1
111,0xeed494f76267ff05c17917c6bdae25fb951a0db1c3ed387324cf205866c582dd,0x3e04732dfd737ef416a8d59684ab6684d8d6880b8bdcf1ad5f21f14fc8e29a56,0x37451e15fdd423b9c4f57a36ff4897145c635f20cde6b3d9ba2a7f8fda39058b,13088,1760267910895,0x4c3424e7f24e26ad6c657596b456a2d0e1eae5c9,0xc66e573b0d7ffec1a94e0dd7c5741c446494735e,3066616334653033666161613466366262633061653539343639396239393733,9000000,0xf4610900,1
112,0xffeedae9f8573732e079af9cba2c7f325f13542a66cf9bd105a04780a49a30ca,0xeed494f76267ff05c17917c6bdae25fb951a0db1c3ed387324cf205866c582dd,0x7d23a8f68929d26406c48b50603f73ff2d331af0d74d962524193e2946571775,24363,1760268199476,0x7af213df42f63c0d3b50d44a2e41c580e68370ef,,3939363363386537306632323432396639336132356332306536633132316437,9000000,0xf4610900,1
113,0xc67f77ca020a7e34b9cb48def6bfdc44f6696b45882196ea7179ffd59c12eb57,0xffeedae9f8573732e079af9cba2c7f325f13542a66cf9bd105a04780a49a30ca,0xa28514c38112cb8b989d71819deeab88b6667e8191344f0aff3a9d7755e1dc75,13088,1760268199981,0x7af213df42f63c0d3b50d44a2e41c580e68370ef,0x6d5de407db930fd7f5a0d9f19be7ec7bc7b36a2a,6430613364386430616634623438383138613936643261626562303738326231,9000000,0xf4610900,1
114,0x9703ad75bfeb996c4b98a2d07bab507f38b7347d63fbbb0fc9ad8cce477eb95f,0xc67f77ca020a7e34b9cb48def6bfdc44f6696b45882196ea7179ffd59c12eb57,0x665596529f4fb3416c5d25b265bb7e96707940e4174cedb0f4dcded63948251c,24363,1760268354472,0xd91ce6d163bfa83318d85817b67b4869390f24ec,,3336336333323766376631643461636262346237626634366535623835353563,9000000,0xf4610900,1
115,0x8baf57a358b56e3fd2aa389bd8cd5746a47dae4e9052a9071890d4f088bccc1a,0x9703ad75bfeb996c4b98a2d07bab507f38b7347d63fbbb0fc9ad8cce477eb95f,0xba0addc8a55c3cd8f40712dd6bea3f07031c4c048313df051fb41e8376e8982f,13088,1760268355019,0xd91ce6d163bfa83318d85817b67b4869390f24ec,0x6b9d16dc3b4b7a7113add5c38757e1ba95751017,3336313435643034663263653434373061356530666263376365656635316338,9000000,0xf4610900,1
116,0x51960a008907103d0a69ab5015e1fcbdcd99343b5ce0815593d4fc9b0d057b67,0x8baf57a358b56e3fd2aa389bd8cd5746a47dae4e9052a9071890d4f088bccc1a,0x55cfbe02cf098a8e56a594e78944211862ce033d092abb468c2717eb058b8bba,24363,1760268622148,0xa5a7da6228eba54ea1fb3193cf0c55a048d53153,,6664323364666430646236303435396261346637393063646431623939333261,9000000,0xf4610900,1
117,0xb1b717810eeea76fb7f86cfdb1a7cc7de7cc42e1d5a9be286d3b46504fea2eb5,0x51960a008907103d0a69ab5015e1fcbdcd99343b5ce0815593d4fc9b0d057b67,0x61612d8acc29e01647c7eec3f01390a84f097511729a0540b3e757c82129c63f,13088,1760268622654,0xa5a7da6228eba54ea1fb3193cf0c55a048d53153,0xea8112c4d32ad5ebab9f390873e62361868d4935,3764373530343633636433663431373638343332313964346635643236333265,9000000,0xf4610900,1
118,0x812f77f8d6ee0c889c117478eb841358de07840742cd65735f0b065f021b8593,0xb1b717810eeea76fb7f86cfdb1a7cc7de7cc42e1d5a9be286d3b46504fea2eb5,0xfdcce2bbd1e37f7ff6ab22ec2925f005ea66f1cbc750422872d68b9c8af894a5,24363,1760268668187,0xcb832a67539090a070640fd17e663a9ef7d19c74,,3633643334616236636361313466303762616131626163626462653735363638,9000000,0xf4610900,1
119,0x725a78b1cb9528ba6de53eb9ffb8b2425a913e89434a7e29c45f2a0fcd575033,0x812f77f8d6ee0c889c117478eb841358de07840742cd65735f0b065f021b8593,0xbdaaf9d777a3d30ff00ea72acfcbc28b62af247286538ef282d4e01e419547bf,13088,1760268668694,0xcb832a67539090a070640fd17e663a9ef7d19c74,0xf74a2277090f690aac0339d95b8d9216257aaf68,3032303834396436643963303436316238386239613762383733663762363431,9000000,0xf4610900,1
120,0xc32477bec609f5ad5158ba512ca4946ca053dc26f608b635fd95666750ab3ae9,0x725a78b1cb9528ba6de53eb9ffb8b2425a913e89434a7e29c45f2a0fcd575033,0x1f25af4f70e6541089332ed5e8abdde989862c22a6a79a3b0de94446f1ec9e3c,24363,1760268699556,0xe79aaed25797ac001938817ebb7edbfd767f3b74,,6636623430643763663563303466373239383966336466623930623938353038,9000000,0xf4610900,1
121,0x362fa44b3b464f7f19b8dbc231fc34aff1fdc27625b565fcc77caa0912031748,0xc32477bec609f5ad5158ba512ca4946ca053dc26f608b635fd95666750ab3ae9,0x8afce88225a24836a27fc45b1178953d3395548f81544cf207a4876ab84a73d6,13088,1760268700064,0xe79aaed25797ac001938817ebb7edbfd767f3b74,0xf9fb258658a3fc12b1c4f78537f11cd844f39610,6534323235386232323438623433343261353564663263356430323230333361,9000000,0xf4610900,1
122,0xb4595f58592e5fc6e8da384ef960b58ed262ecc36b8d121f878b045e368e99c7,0x362fa44b3b464f7f19b8dbc231fc34aff1fdc27625b565fcc77caa0912031748,0x8abee110402dec7bdd5efd8dbbcc8bf8ffbd0497ccc6015559a21d874fc46c8b,24363,1760268703236,0x69ed469b10ac9e19e550e1f904c8ebe40f16a69f,,3235373930643730323832363431333161393530346365616662323463346331,9000000,0xf4610900,1
123,0x52c08f366b3acb8be333b436db9489c4ffc3f4ebafebc3416cdd46d74819a973,0xb4595f58592e5fc6e8da384ef960b58ed262ecc36b8d121f878b045e368e99c7,0xb39014960495c01229b9381957e5604d4923dbe796618bd6285dc5adfecf63e0,13088,1760268703743,0x69ed469b10ac9e19e550e1f904c8ebe40f16a69f,0x91d9ec991b3945baa9ca2f2790643a07ac677964,3134356334383331333536383437613562376365353736623730323838356361,9000000,0xf4610900,1
124,0x65c1bd28d84dde40d7d610e11935b071d85778f43259e1b1b216d6f2c60f4ecf,0x52c08f366b3acb8be333b436db9489c4ffc3f4ebafebc3416cdd46d74819a973,0x3d6af0917378b7d764d719546b8ab64f98ab5a3988e8fc213e4281d5664b43c5,24363,1760268788260,0x8e1097e54653d9f8ba445fbcdc5b6c4bf09e6c78,,3564346366646435323131343464643138303261643436613465393535323664,9000000,0xf4610900,1
125,0x7e52af93171674dba7285cc9fdd6e8ccfa50e29daf4a665df44219d2c090404d,0x65c1bd28d84dde40d7d610e11935b071d85778f43259e1b1b216d6f2c60f4ecf,0x2fc11171f3fa0d5cebee52a1cb7a0f4b8e703e60070fba552c607f3ea1646c13,13088,1760268788767,0x8e1097e54653d9f8ba445fbcdc5b6c4bf09e6c78,0x4b7d869424db93df911774c1f511dd69b1fcb479,3862386331623063373737343462656662646263653166623537303235313866,9000000,0xf4610900,1
126,0xbc1d5a8707de684cfbbdaaed432c1bf312b18da17ce6196328b36cdbebce72e1,0x7e52af93171674dba7285cc9fdd6e8ccfa50e29daf4a665df44219d2c090404d,0x11ac83028514fe60b673d9d56f7d91ec96fae55f6cc608ca88e70f9bca8effb3,24363,1760268848560,0x74c58aee50a13b94812bc53e39c2ae34b42e335d,,3830356637626538336235613438616538363064383162633765383266653364,9000000,0xf4610900,1
127,0x786273bcd2787d4ae8cc36b910958493526dc6932ce311e38bb5f7dd0948afa2,0xbc1d5a8707de684cfbbdaaed432c1bf312b18da17ce6196328b36cdbebce72e1,0x09d9b13dff55c3d3f5db4c6499eeb79803d623e9907c55c4d9a353d9a24e5e38,13088,1760268849066,0x74c58aee50a13b94812bc53e39c2ae34b42e335d,0xf943bca0cefb1f47a5d6dae5dc0e473cefd8b613,3637643834643138373437373434396339633432353663646536353032343735,9000000,0xf4610900,1
128,0x8464efd8af7c624810b1334e39c7cc63550f1ab2a9b8793678c57d1adefdd0b6,0x786273bcd2787d4ae8cc36b910958493526dc6932ce311e38bb5f7dd0948afa2,0xe63f3a68847a48fe93e121608e5e55a02b9fb1b4f319d110b77f6c735f615a65,24363,1760269379164,0x9ea3872d22992eb275323b78082c2d5622de7814,,3734383732393061393763343435336639306566643031326463376566613939,9000000,0xf4610900,1
129,0xa5f64bcaaee8776bfa1d2cf08a3fd96000699013e62195a1965c38ba1dc4078d,0x8464efd8af7c624810b1334e39c7cc63550f1ab2a9b8793678c57d1adefdd0b6,0x40560a6b947cbb4c8e4640694b766a1a8b851d227473b0c05e5ef9d6916d5080,13088,1760269379672,0x9ea3872d22992eb275323b78082c2d5622de7814,0x8a5c9b06e2d86b43c8a82bd1091d11c1da893139,3037323235393032326464333431613261326663316535633438346534306437,9000000,0xf4610900,1
130,0xf99191af450bd029f7dac740f15ba4401acdb74076df5ff1e7aaf1a5f201a1de,0xa5f64bcaaee8776bfa1d2cf08a3fd96000699013e62195a1965c38ba1dc4078d,0x1c28a9521d2a143756ab4e67bac4f3a52a9fe7bdf39fc6db9a71557c520696dc,24363,1760269598163,0xe7a04b78ed727c54afb97d7e9ce8c5743a843920,,3839343366383161383863653438393439383834333962613232356235666663,9000000,0xf4610900,1
131,0x4a31a6fdd04427e6a8256dcaae368c07ec1662f2177d94495552a05bc54730d9,0xf99191af450bd029f7dac740f15ba4401acdb74076df5ff1e7aaf1a5f201a1de,0xfc8e03b05258ee1a5db756ed4ba6edd6c9a2f304a825e0b0061192d455d491e2,13088,1760269598668,0xe7a04b78ed727c54afb97d7e9ce8c5743a843920,0xab6f2a90671fa1b244cd0b3fd8adc3ff22759d06,3661373562323034303131643464653362393533343461653539313365396336,9000000,0xf4610900,1
132,0xc68f17aef935278a1713de09b7b693356769248812c8d79af18e0493baa87d35,0x4a31a6fdd04427e6a8256dcaae368c07ec1662f2177d94495552a05bc54730d9,0x8c2a6ef5bcdee0aea58d4b0aabf458b4bef34d510b7304375d3146f24b69bd25,24363,1760269683301,0x82b1c5a58614d94ccf1a44bd5f443ba19dfca7af,,6533333331626261353239303461633762366230656138323131303634363031,9000000,0xf4610900,1
133,0xe102878a8dfe86ec27c47a27e5fc186bf6927bed0a4482ce3d9f547bd7767593,0xc68f17aef935278a1713de09b7b693356769248812c8d79af18e0493baa87d35,0x8216e65d8615585b254059c9c4927460b4acda96c3d9ac422072238da4ade018,13088,1760269683808,0x82b1c5a58614d94ccf1a44bd5f443ba19dfca7af,0x4c02c975a36137d3d4b68484aadbce89414d73a0,6136623538623337656632363438663138383661623861306366613162616364,9000000,0xf4610900,1
134,0x2d76e5d83d317ae52d6585d9262b5e3fc1003ba8cfa2e03e1e4c52b70458e615,0xe102878a8dfe86ec27c47a27e5fc186bf6927bed0a4482ce3d9f547bd7767593,0x6460f0e6755b634753c19f0db06ddb1f43815d141d38b5f3f1858a31849448ca,24363,1760271231056,0xb11a63a276afe502841391bd3d6f808c547b6fc2,,6464376330393963366533303465376238333863343865303062383636646166,9000000,0xf4610900,1
135,0x6a77a1c7ef1753f7238aa900f0718cf07e929ef8d6699f68495fa5840706eae8,0x2d76e5d83d317ae52d6585d9262b5e3fc1003ba8cfa2e03e1e4c52b70458e615,0x844707a0a42daf4dfcb7fde4018a401b1802995b13642877d682072b9d39c484,24363,1760271308454,0x31b56ab2a8edef24b27995e9a6b01df4a8a462ce,,3135373665363138623262363434376662616166393932616539363733613436,9000000,0xf4610900,1
136,0x208bea93f45b7d8de0b3cbfd5111b568c0776461ed0055c1297504430db1bf82,0x6a77a1c7ef1753f7238aa900f0718cf07e929ef8d6699f68495fa5840706eae8,0x93925e6b9310090e8facb63eb0fb30c029106e6193cf2840b097a1bdad51dc5a,24363,1760271327039,0x83fcc6582bec67de480081e38bab303fa2cda0bc,,3039663931393838623234303438656362643938336564373036386564363932,9000000,0xf4610900,1
137,0x37f3947aed723613dd049104b2d93d90105de3600798ece4ae3a354edcf0eb5e,0x208bea93f45b7d8de0b3cbfd5111b568c0776461ed0055c1297504430db1bf82,0x109654d67491dbdfe63d5de381536ae70e8c859925b31fd7ad7627dd6d802659,13088,1760271327549,0x83fcc6582bec67de480081e38bab303fa2cda0bc,0x1a5361d7b48e5e422673e5ec281d3abc0d6f7efe,3762343765623361316564623465373738633133613630616365383964353032,9000000,0xf4610900,1
138,0x05e49dea3a0812be2c9d6c19a9c7a0e1710839fb2a649960f80cc0c425949e19,0x37f3947aed723613dd049104b2d93d90105de3600798ece4ae3a354edcf0eb5e,0x1b9f73f5bc396e460f84b6cf5e476dc0d952d9e9dbfb889cb926e46e9d1fe04f,24363,1760271474236,0x45876591475e597c3e2d276db38956436328e0b7,,3863353337653734626632653434346139396531386132333162653764623334,9000000,0xf4610900,1
139,0xbc9be8977652314915fa5f714f05502f3df24991fe169e388b4e88ae8cacd57e,0x05e49dea3a0812be2c9d6c19a9c7a0e1710839fb2a649960f80cc0c425949e19,0x4b49de32d955b0bd01d16bc68d628c0a2643b5444f26a53aa34a08c18e733d48,24363,1760271526723,0x51281d3493de89134c1612f143cddce658b2e45e,,6465626332333233323331623434373562386633313230643536343731656139,9000000,0xf4610900,1
140,0xb215171561a4acecbe8195e3a6356340a8690f4aaa40f2a940f68a49d653bd05,0xbc9be8977652314915fa5f714f05502f3df24991fe169e388b4e88ae8cacd57e,0x04cdd3ebe7f7793b4b3a69478ca2894b7aec2b5b4b371ec253f7d14f9e4a730a,13088,1760271527232,0x51281d3493de89134c1612f143cddce658b2e45e,0x28e116d7a343874b463d7f1143d53891771eea30,3361316262396432653764643437616461656131373731313164613764643835,9000000,0xf4610900,1
141,0xee620956c9abbf14dd4ae100755e701594cd15a06732188975fa7b65e292b7c5,0xb215171561a4acecbe8195e3a6356340a8690f4aaa40f2a940f68a49d653bd05,0xf2303889f30c64ee4ea1ead695cd2d47133e748e484eabbaf6fd7164a89dab75,24363,1760271585826,0x72119986de6dc316de24e0d0da456ae60f434359,,6536663866373038636366613463636238626533616465326263663130376531,9000000,0xf4610900,1
142,0xc01b87100714e4ffe0e2fe4df3408b78097b06ee9ea546f891150b2becf7414d,0xee620956c9abbf14dd4ae100755e701594cd15a06732188975fa7b65e292b7c5,0xa19c2c5993b6503a14179b5e5286727a70c2a70adf5f8ef79b7a8c815fae5292,13088,1760271586332,0x72119986de6dc316de24e0d0da456ae60f434359,0x5494009b57426aa4f52e551f40eec8073ba88145,3038663539636463383664613436343338643239386339376638353861616138,9000000,0xf4610900,1
143,0xa3a10af44f0b2e393767bd066e530299ac23e17b466423ebf0c0ab776a5dacf0,0xc01b87100714e4ffe0e2fe4df3408b78097b06ee9ea546f891150b2becf7414d,0xe8a80c1dc4d67b05bde15fe23d33ccbbb02d572dde74818c0f24a588a2a4ec90,24363,1760271736626,0xec589e89861e019b314e5630ad94733145734b5e,,3338653734343939343762373431313461323638323764623838346666663663,9000000,0xf4610900,1
144,0x6aea9504b7a2f51edacd0e5050a0a43cfba9534eb3b736260d2dc732e03934c1,0xa3a10af44f0b2e393767bd066e530299ac23e17b466423ebf0c0ab776a5dacf0,0x383d19a56e42015189ed36913a242ee76f9e171b8d513a39abfe2a9ee0e4064e,13088,1760271737132,0xec589e89861e019b314e5630ad94733145734b5e,0xa35cbba5618b8f1230676d94e6826080c3440115,6136306534363163333637623464353261653839393131336135333035643238,9000000,0xf4610900,1
145,0x8d21d8cfd53acc001986666549a5fcba932b7d5c09b5986af3089401af52dc2a,0x6aea9504b7a2f51edacd0e5050a0a43cfba9534eb3b736260d2dc732e03934c1,0x55a93111bac57b152a98a31909610d11fffaea6b0417ea0908c31b574a68269f,24363,1760271805930,0x4bb00b47630402706f4f642bffe5475e027ac1f5,,6463353065613836353139393437366539613965663462613531643431393865,9000000,0xf4610900,1
146,0xa90220548a8b328faf0fdebf5ade6efc1d4c5c1c8dbda98ffacb2ebaba46346b,0x8d21d8cfd53acc001986666549a5fcba932b7d5c09b5986af3089401af52dc2a,0x0e1aec33019cbe4818c95b615f618767292d1be2cb4f1f29deac50974965be0d,13088,1760271806436,0x4bb00b47630402706f4f642bffe5475e027ac1f5,0x14ca43704ae3f08596606ca6a1763788a16174ff,3864383832396665626430303434363138316564306432313233393539373331,9000000,0xf4610900,1
147,0x370e78e85d63ee460dd0764ecae9d50923a888914038ebc4cb8c0f34715c7f7c,0xa90220548a8b328faf0fdebf5ade6efc1d4c5c1c8dbda98ffacb2ebaba46346b,0x83c2b05c238a2fec9e06031fb7278f484c73bd62d20810b57fb1ee7c2a55ebf1,24363,1760271925092,0x178d62173b066852ff9155a2da9a4fbc18d3faa7,,3061343863636261383230363464653362626232396463303935643663396136,9000000,0xf4610900,1
148,0x3ebbd7744a63c524b2d15c538d0f5e4033ebe07652daf8e26ca032cfb4a71627,0x370e78e85d63ee460dd0764ecae9d50923a888914038ebc4cb8c0f34715c7f7c,0xe28096eadefd05ba5e08856f9a9134a84101b61f2a582b76f2904e895f29b56d,13088,1760271925596,0x178d62173b066852ff9155a2da9a4fbc18d3faa7,0x111fb11acbe3a0dbb408b366a39722fc580edbe6,6530326438653736303332623432616339383030343934303535336564643366,9000000,0xf4610900,1
149,0xf0458e39c27af6fba67899dbe932a0b9ae198d7d49db08c720d944a81767ca64,0x3ebbd7744a63c524b2d15c538d0f5e4033ebe07652daf8e26ca032cfb4a71627,0xfa143f0aa87b655874ed5e7947b7d2fc89592b2fbc2364fefc553be8b5daa73c,24363,1760272012318,0x76efd76012a95f22679cec4a013145b86628c748,,3333383964383964666131393464383261616233346561636461346235356432,9000000,0xf4610900,1
150,0xa343c71d0e502776df2e2db85f8a39fd4f859e52fc654a5dfaa19fcd7fe1116c,0xf0458e39c27af6fba67899dbe932a0b9ae198d7d49db08c720d944a81767ca64,0x7b059c3f139f49443ef3d91219cd410b45516a1aabf2427e0fb91eca76878104,24363,1760272039523,0xf2f3334b33586cf8a3643363ed27a1d4805a5d74,,6463386139356662656139653438383061313464383632356631396263646137,9000000,0xf4610900,1
151,0x20a2d47fe6a089007a2f8a1706b1990b15e401de25a66937d44b7b369a06c694,0xa343c71d0e502776df2e2db85f8a39fd4f859e52fc654a5dfaa19fcd7fe1116c,0xfe28a6c928e5447223afc1f447892e368b559d33e54b565880735ccd070342f8,13088,1760272040038,0xf2f3334b33586cf8a3643363ed27a1d4805a5d74,0x6fecc20c98b5782367c303c7b6b83d9c1b11e393,3534633133626538653339363433346539653439656161353166656363646561,9000000,0xf4610900,1
152,0xd1733c02f7c8b3756c34fddadc3b613952447eccd39ec014e004047b0bff05e1,0x20a2d47fe6a089007a2f8a1706b1990b15e401de25a66937d44b7b369a06c694,0xe7fba3191d690789532cb3ea96b269bb4c6328a828fde7dd801dbdcd39ce26b3,24363,1760272111037,0x046a259810d3bcb79587545ba1a79730e0fd121b,,3930663238376166616131333439623638636464346133393330356466663764,9000000,0xf4610900,1
153,0x77764b2315bc2b4e25ee1f735723bd38aa743dbfb2acebb78185c51729539dba,0xd1733c02f7c8b3756c34fddadc3b613952447eccd39ec014e004047b0bff05e1,0x198e62bfc51f7f37ab233a4d42fc9749ff15d0800c78483475fa42999299aaa5,13088,1760272111548,0x046a259810d3bcb79587545ba1a79730e0fd121b,0x3567b38de3a603302fa3c4c656f3cf5f51bb005c,3439613663633033303063643466646662666532643332663436613239633461,9000000,0xf4610900,1
154,0x0ad7d2f82b8eb8e1000cb92b3da27130357af4e1d7ba4449feaa09808a161552,0x77764b2315bc2b4e25ee1f735723bd38aa743dbfb2acebb78185c51729539dba,0xce13c0e16b42b762156cdb04037efe689d18d4b68896ab2189f7f414b698533b,24363,1760272138172,0xdfb47bf955efce8290dcecb1b00e2161075b87c6,,6233633630346662643862363433663039663534353164663031323236666532,9000000,0xf4610900,1
155,0x390851184e730ba1e89e45058a11d1e0b3fd517cd810de6bbda43073cb3263ed,0x0ad7d2f82b8eb8e1000cb92b3da27130357af4e1d7ba4449feaa09808a161552,0xfa96a631060e6af34f388f41f5540fd1a043afe2abb76fa7ef85f6553c0cad42,13088,1760272138679,0xdfb47bf955efce8290dcecb1b00e2161075b87c6,0x9062544f5deb261c4cdc813b8c762c7587d5fff8,3433343739666162366236653465623662333332663337393738346166353566,9000000,0xf4610900,1
156,0x43bb91fc1b7d3bfdc04599e6f72d9017469fac7b562847625fc097322c73aa57,0x390851184e730ba1e89e45058a11d1e0b3fd517cd810de6bbda43073cb3263ed,0x4f17741c805ab46fde9e321b051e33e26914b05a33f1c44aea1a7c194ffeb624,24363,1760272169154,0xbc6815915d4fae12cd596f71c6362d589e87468c,,3630366363323436623964353433303038613730306131636462323539343164,9000000,0xf4610900,1
157,0x3b4243f0886dfae0bf3bb3b0151a03387086006e7047f9cc564fc0537bf17136,0x43bb91fc1b7d3bfdc04599e6f72d9017469fac7b562847625fc097322c73aa57,0xf584329cca8fc237989f040955e2bb0e350d3b75c89652c9f041899a633a143f,13088,1760272169700,0xbc6815915d4fae12cd596f71c6362d589e87468c,0x00ed6029c3dd0c0bc8ffb21762a809d6af5a3938,3465626437613832356430323438623339356234343264353864346435356538,9000000,0xf4610900,1
158,0xd23e6529ba5aa636c2d3d7da9ca8fd0e0ef6e675f8a00f4925fde691dfaf038e,0x3b4243f0886dfae0bf3bb3b0151a03387086006e7047f9cc564fc0537bf17136,0x4abc7cccf3a532453e5c1eda92b3f0d90d9dda5936bc311478bd478a3682a0dc,24363,1760272374298,0xacf9dbfb076ed31f9cf0be56d38c4e650651af3a,,3865653237303664633539323430653562316565643961313165626339633732,9000000,0xf4610900,1
159,0x72f599dc5b913cab941a8714a326b8140fe47bc10777c3fd05ac04d88c44cd23,0xd23e6529ba5aa636c2d3d7da9ca8fd0e0ef6e675f8a00f4925fde691dfaf038e,0xb696f0297508bc28c6cbfdaf8a94533c53a0d72fb0fb83709ca0a0e4d015bd80,13088,1760272374805,0xacf9dbfb076ed31f9cf0be56d38c4e650651af3a,0x2c17c0e8f8615dba78d868d97965f9dcdc3c5d9b,3833636330353639613561363430346339353962386538386438653462353163,9000000,0xf4610900,1
160,0xe7efecf7ad4a7cf1734691114f7be943568f3bd1c6f1ed4e933b9ded90091c83,0x72f599dc5b913cab941a8714a326b8140fe47bc10777c3fd05ac04d88c44cd23,0x3e4c13fb0ea2fbb0803b922630e832a242645688f3775d03bc42f668a13c8068,24363,1760272433749,0x086f96e0caff13032baf4bf3da88cbd64ed16501,,3632373932316661333861633431653738666265316565643331386130353039,9000000,0xf4610900,1
161,0x26858f51a2b342b3defab8dfa4354fb3d0fd5d5a3faeb099c44ee21429ac0050,0xe7efecf7ad4a7cf1734691114f7be943568f3bd1c6f1ed4e933b9ded90091c83,0x5dd0dda8f168b64f1eb9debe2de35a8ba4f64e67c8a094579a05610120869975,13088,1760272434253,0x086f96e0caff13032baf4bf3da88cbd64ed16501,0x86886c3b49bdce8284e51f340e72f1761e6fb22f,6161383366303766333263313433393561656137333465613763646433323364,9000000,0xf4610900,1
162,0x0d18bbcd4d5b452f71f6056d73f79d5cec9245408fec62db298bec0a950c5ecd,0x26858f51a2b342b3defab8dfa4354fb3d0fd5d5a3faeb099c44ee21429ac0050,0x0a80e7f30e087b259f1b43dc3803fb438b34746b8a476f8e8eba0939deeadd90,24363,1760272489976,0x18950ba22015a8ec00aa59570f15acb250dbb8f0,,6339353337663564303262393435383262626162636633643532323164306235,9000000,0xf4610900,1
163,0x32c297b5931804c1f9996f844c038a8a59c572a72c7f0b3108ee4e0243589a30,0x0d18bbcd4d5b452f71f6056d73f79d5cec9245408fec62db298bec0a950c5ecd,0x82d72cad44fc91a63addff584b5e0f1eceb8ad1fcb0fd553897ecdd84242d2ec,13088,1760272490482,0x18950ba22015a8ec00aa59570f15acb250dbb8f0,0xc2a90f0c7daab23f154099041177c5b8699cabe8,3834643063636333313736333432333939643466386561393637653636643030,9000000,0xf4610900,1
164,0x746fc817d639ebb678c75d8719e42003d9b0eb9dff2dae4302eec99fe0c9ae90,0x32c297b5931804c1f9996f844c038a8a59c572a72c7f0b3108ee4e0243589a30,0xb13d7a278de3e61a7a0081297d8967b906e9a970832db284cacc15514400bd52,24363,1760272680441,0x8d21e1db7df2be2b409aa510a7573884b73d2e95,,3839333438393833653061303462366338663135623166613562653731373266,9000000,0xf4610900,1
165,0xa1233ba9a1477640bbe63cdf494e1931ed6220c500033409a0311f94db40d03c,0x746fc817d639ebb678c75d8719e42003d9b0eb9dff2dae4302eec99fe0c9ae90,0x3c4c5a271b633c7882cdf1d1bf5251fc04be816b68f1866d4656c61938581af5,13088,1760272680946,0x8d21e1db7df2be2b409aa510a7573884b73d2e95,0x3341d7bfff8e3fc37956fde71e0de20e2052cd1e,6563386437653261336363373437336638623838396430356333326637316634,9000000,0xf4610900,1
166,0x5e63095b6c684a92813b7f011d6b0bb18557f7821448fabddbb4a30bba0c8de2,0xa1233ba9a1477640bbe63cdf494e1931ed6220c500033409a0311f94db40d03c,0x2985e90cb058576f17aca1de76d627f58e248251425d6693ce0af42bb7f24b5f,24363,1760273397434,0xc5bf0b0fc0a28b4dde72237e5a3d0fdd0be7e866,,3232626566653764306633333431313462636264396235333730663938616561,9000000,0xf4610900,1
167,0x3bb3404d24377fa33dbd7649ba122e41ca75eaf9dee887a6a87e7c22542425eb,0x5e63095b6c684a92813b7f011d6b0bb18557f7821448fabddbb4a30bba0c8de2,0x87bf216f58996e84fddf1e117e25fa525bed0aa8e6cda4b011d0d457ee7dda8a,13088,1760273397948,0xc5bf0b0fc0a28b4dde72237e5a3d0fdd0be7e866,0xad41c1643f9c4a10a7549703c1abba41bee0d9ec,6233303731636634336532663434393238326664326331623031643632303531,9000000,0xf4610900,1
168,0xcca5d2465ba8b02de029ba3e3e0fc3b81b32419d6430cfc033d71fe353452211,0x3bb3404d24377fa33dbd7649ba122e41ca75eaf9dee887a6a87e7c22542425eb,0xe1b407ba2bfed56297d147c1fdfe00c77b0631cca13a0d3cc15b3b6d4f2469fe,24363,1760273541254,0x7dd586429c42dde9af95308df3c72023fecc6e07,,3463306466326437653063643436353062316536393435366135323431616463,9000000,0xf4610900,1
169,0x242b1d581e63cc1836bf951bfc81f725137150b32bb086f4020eee9dfac43692,0xcca5d2465ba8b02de029ba3e3e0fc3b81b32419d6430cfc033d71fe353452211,0x910aa3e77f8a15a1113bd1fbad9315deb26225473e6dc9e1ed753cf5d3439537,13088,1760273541760,0x7dd586429c42dde9af95308df3c72023fecc6e07,0xee3a5f8493a4c8fe28d64fad5fa81f566a4ff481,3339356332396535326635303466383961323632316566396365383361376563,9000000,0xf4610900,1
170,0x4224fdebf160f6aabe09eea6894a444eb0a8666f8210d1074fcaafa2006b9faf,0x242b1d581e63cc1836bf951bfc81f725137150b32bb086f4020eee9dfac43692,0x3cac69c1b8f2862326e5de51a051cf42960eeaf4e3ea1992bcfa92025a7418f6,24363,1760273561164,0x5df41070054585383cd38591e08ec498fc87a166,,3564306664356438633764653438326539663962393035636366656136613261,9000000,0xf4610900,1
171,0xcb9dabf55111ec4ee2d09343c07d61c1475828acbe1d13e0a830efd7ee2a1c24,0x4224fdebf160f6aabe09eea6894a444eb0a8666f8210d1074fcaafa2006b9faf,0xa1c608d9d5401aba7315c2aa69a653493fcbf16ba0802c61424ef4809c4840d2,13088,1760273561671,0x5df41070054585383cd38591e08ec498fc87a166,0x50a863e9f33a921684c889accda65021a4b91ef0,3436386466393936643434343430313238663861323936643538643837666533,9000000,0xf4610900,1
172,0xb68243040f71745900025d72a58eadf05988f38c6b7e172bf8b14fa61a96277d,0xcb9dabf55111ec4ee2d09343c07d61c1475828acbe1d13e0a830efd7ee2a1c24,0x2acda5fd78a2714217feb281ae2739ccce0037e789a75c98aab7d4788286115d,24363,1760273607118,0xfb1e28375a3b99aa41376305326f5fcb92083e81,,6433373431653133616438663431313438333931303435373034343761353235,9000000,0xf4610900,1
173,0x5e0ac27a6b6dc4a47b80b0db7bde2cbdcf816f329ab9ce4ea8d5095a7d6c3ee6,0xb68243040f71745900025d72a58eadf05988f38c6b7e172bf8b14fa61a96277d,0xd4815a324da542d8fed44989295f87a4329aec7c43f3ea89d716da006e305ccb,13088,1760273607623,0xfb1e28375a3b99aa41376305326f5fcb92083e81,0x1056fb0fbe6c3254250772d9b3a3cf3df049af49,6431643762373538336130353466373061303238386231303833616135623162,9000000,0xf4610900,1
174,0x6c5d6797b949a8d403a5d7babbc0667a3873b82c98a26c725add87bba153c197,0x5e0ac27a6b6dc4a47b80b0db7bde2cbdcf816f329ab9ce4ea8d5095a7d6c3ee6,0x3a7ad5eba9fd5f0b57e2f40fd918c3045c96a719fe94c19702f31fb803a4a0c5,24363,1760273816148,0x249ac8a5911c0e2d57b346e8a608e279339115bb,,3766653164663736346262373438323762393963616632653261303937333638,9000000,0xf4610900,1
175,0x5f683836f365f7f349c159e3d4911f81797e367682ba06e09a9bb6c7af8de92e,0x6c5d6797b949a8d403a5d7babbc0667a3873b82c98a26c725add87bba153c197,0x5f64f99a04d965202350bf52fee2e763a7dbc59513f5b5bada6364e7721dff44,13088,1760273816651,0x249ac8a5911c0e2d57b346e8a608e279339115bb,0xe3958f8fc97f7f25a6b2ce1fbc1b5c90d3c94e81,6263653634623766666235633434323539356136613031333863343663613661,9000000,0xf4610900,1
176,0x82e51ac37816e0051a92e9b87c071996ea5fd03d365acb613581c9b1edd032a5,0x5f683836f365f7f349c159e3d4911f81797e367682ba06e09a9bb6c7af8de92e,0xaae4bf24230e4e5f4cff79b2c2a20c70cd1af46d3661138a7c5875698ff236bd,24363,1760273902766,0x89380983482255d4a376f5b9fb544fc272718551,,3633626333323639323638353431373539313235393835356133313832633761,9000000,0xf4610900,1
177,0xbd38f2ad9b6ef26546ce8c8024b599ddd2293ee1b8a9b24a64155ed76b98e332,0x82e51ac37816e0051a92e9b87c071996ea5fd03d365acb613581c9b1edd032a5,0x6417776097d6b7536c6b0c9d0fce6420172ab8e55672f2bbe184071306490a24,13088,1760273903273,0x89380983482255d4a376f5b9fb544fc272718551,0x08fc1a1af6ec1dbfbe7809aab3208aec7ebfcde7,6161623732303762383233643435346238643238636364393735663065353035,9000000,0xf4610900,1
178,0x44b90292e8683b9c5e33457193b6ced43f009e3647b614ee5903d72c8a1343a9,0xbd38f2ad9b6ef26546ce8c8024b599ddd2293ee1b8a9b24a64155ed76b98e332,0xcdb9317d821cc27afcd88a31fa172869c795ed04b0da45e36f2d269f6d797fef,24363,1760273938200,0x9df6000da9f2778ae1d299d5d0dabee542a65a0b,,3931343261323331393930393430633138646533373337303533626363396536,9000000,0xf4610900,1
179,0x12ac7202c5ef184a0beb7625fd114d29ad41f2be190597f80025cddf51fb7014,0x44b90292e8683b9c5e33457193b6ced43f009e3647b614ee5903d72c8a1343a9,0x32fe2c875df134e7f989cce0d291779d687ece3d49253be1c3f6a9f03bfbea3d,13088,1760273938706,0x9df6000da9f2778ae1d299d5d0dabee542a65a0b,0x08e95da35590e724b43692c9761b696e9cfa8ef9,3562316530616231643132623433613161323839343632393361383163373036,9000000,0xf4610900,1
180,0xcf98534cba4af352f4fdf7d2c41a8e2e5e8126496f9d5ff8a65930832daa5c7b,0x12ac7202c5ef184a0beb7625fd114d29ad41f2be190597f80025cddf51fb7014,0xc86a245839e1878cad91b640dc4c2e6f2afafb4dd162fc02e1afa074df3492c7,24363,1760273973197,0xd5ec040ab11a725b00a1c759227fcc267fa35994,,3332613661353265653337653464313538326562353836366133663938396233,9000000,0xf4610900,1
181,0xe5fad2964fb8e352b18763245ca91cd6dbbc10e38811d41d19b3ba861d1435a2,0xcf98534cba4af352f4fdf7d2c41a8e2e5e8126496f9d5ff8a65930832daa5c7b,0x708fc2040657cba59c2cfdc76afb1a7b8b0fb32e733a5ee7452ce55a32063b69,13088,1760273973700,0xd5ec040ab11a725b00a1c759227fcc267fa35994,0xf9c1fa9c25fb71f1c66d0bd5d9f0821bec66255d,3133666364623431646365303436393561316561323462626438653064616439,9000000,0xf4610900,1
182,0x20073ccdb46475ee6a7ca434b5f53935ea53deafeb8f633e7533ab2d7e93bff7,0xe5fad2964fb8e352b18763245ca91cd6dbbc10e38811d41d19b3ba861d1435a2,0x1e332737a577298133268efce9875a41ef3c150e5154ae8b44814a9b1521d8d9,24363,1760274462478,0x5e5d34e2a1291e4ae5eb4fae5ae821235c1d063c,,3237306466313235396666393439343061356461636536313830623865343539,9000000,0xf4610900,1
183,0x47be5263c976b5cb436bcbdf38ae97db4f8d8031d81ff96a0bc1661c01f2b4fb,0x20073ccdb46475ee6a7ca434b5f53935ea53deafeb8f633e7533ab2d7e93bff7,0xf944c0235a254834411665824ac32ebb3c40c1b09706f4ee18b7f3c72a8b1299,13088,1760274463014,0x5e5d34e2a1291e4ae5eb4fae5ae821235c1d063c,0xfc44b99facd92dadd45af80c4c4195f57a2a22fc,3333643261633133366432303432623239363563393861393463323430626634,9000000,0xf4610900,1
184,0x2b33ab0b003b66b9c573e672da5101a99a38fdc95ea58ae439d63bfd08ef3eb1,0x47be5263c976b5cb436bcbdf38ae97db4f8d8031d81ff96a0bc1661c01f2b4fb,0x05ec13f23d7b3dee2f12f0f9546899e826570cd35655b2d5039a1fb8fb0f2733,24363,1760274591098,0xf8d7e0dd37d610dc057479f0e217e6f7d1ddbd55,,3435626130626436626431643461373961643730346532336534333463626437,9000000,0xf4610900,1
185,0x9a7a712f65329743c29747c81f6836f66bc0d2b1ed3170401028c6e17cf9b543,0x2b33ab0b003b66b9c573e672da5101a99a38fdc95ea58ae439d63bfd08ef3eb1,0x9c544d00c870a5d62c31d1e0943db437d7fc3510005287fce991a43722f00e9c,13088,1760274591636,0xf8d7e0dd37d610dc057479f0e217e6f7d1ddbd55,0x55d5a80b08ce368d71a3188d5a16f06ce3cded0d,3765353962306433623366373439353762373266303336303938353039336231,9000000,0xf4610900,1
186,0xf9ac4f8a5a2d978d933e095e5c529840c49d975d07b61e31bdc856340ef37a01,0x9a7a712f65329743c29747c81f6836f66bc0d2b1ed3170401028c6e17cf9b543,0x694a42d343531a866520a8e237b8a48ca68515204da847d1e85c941804c894d6,24363,1760275266473,0x667ee8b8121fb1c55e15fa6c602b929f69eee7ad,,6166356131643133303364323436316261333535666166373161366463626134,9000000,0xf4610900,1
187,0xce2d0d72c137ebe83ccec902abec5b47c5d40203585f7544fcc9665dbe0de748,0xf9ac4f8a5a2d978d933e095e5c529840c49d975d07b61e31bdc856340ef37a01,0x9ca2e80b0ed10c142f3536fa8cade31d22e18c5e2b872ab1318972ebb88147c6,13088,1760275266978,0x667ee8b8121fb1c55e15fa6c602b929f69eee7ad,0x184b119fdacfa62fbf07ba9219e6ce6b1cbb48fc,3866396438323236306134633433313838323962316531643031343562633530,9000000,0xf4610900,1
188,0x1b8708775aeeca66563ab712fb3168ee9e4ea362714fd7266fd674dfe091cc70,0xce2d0d72c137ebe83ccec902abec5b47c5d40203585f7544fcc9665dbe0de748,0x110bf37aa492cf34902b2d7628bab36b119130b567eaa9417941b940ddd7c3cb,24363,1760275324698,0x7eb6542e5e332ba62ff0fc160fdc196e54fd7f58,,6538653639663430623130663437396539333632636364303664393635383039,9000000,0xf4610900,1
189,0x89c9453be55abb78b8ea90996b83c4e2561626ea1e4e9f7cb2d2c5d2ea59cddc,0x1b8708775aeeca66563ab712fb3168ee9e4ea362714fd7266fd674dfe091cc70,0x48b164a68803d9c9123d7a091fef7e84a623f3c1bffd9d0835c6d3ca0bbb4c27,13088,1760275325204,0x7eb6542e5e332ba62ff0fc160fdc196e54fd7f58,0xb2aa75ddd660ed968db0df1e262585c6b8e5b2d4,3961313865663333333862623432333739366165623933633534646438333435,9000000,0xf4610900,1
190,0x4da0576c726586a5dcc672b16c9ed787394209f106362e6f87c6b269bc58bad7,0x89c9453be55abb78b8ea90996b83c4e2561626ea1e4e9f7cb2d2c5d2ea59cddc,0x2583d4e1b2d577d5875a2515ece7de001af132e78ef122974f0e2443559d92f4,24363,1760275375116,0xeb5c86bfca8532629cb593b561027831e1e3e9c9,,3633343038396333313330343435376439646137643838633633653961646132,9000000,0xf4610900,1
191,0x5a4eab1d5ff1aee3b8ce25a72d0515c3fb8da30005f2f4a75b737a42b8bb4008,0x4da0576c726586a5dcc672b16c9ed787394209f106362e6f87c6b269bc58bad7,0x1b8a05108a60a5fa843459403de4a20dbd49f47a3a07bbc2c979fccc268a5d17,24363,1760275387288,0x2195ce445fdfd667a93fa255f85c02e4a35edeb2,,3262616534626531396262303434313662396537613864376266616666383763,9000000,0xf4610900,1
192,0x700ecc20383c16a14094d42114cc6b9ea5a2fdae99816d0d36d6bfe689c2fe25,0x5a4eab1d5ff1aee3b8ce25a72d0515c3fb8da30005f2f4a75b737a42b8bb4008,0x2d006eaa8524bae4944953a16e217c3a262caab3f5346fbd92c55c389581dd2d,24363,1760275401335,0x5133844189812b30b806337143814270adaf5e44,,6461373333613132326439363436303339613637626263383938353765303365,9000000,0xf4610900,1
193,0x360fb0a0be4a266496b81ce1cd4162c8cb1d55d1e7667a9905e438ad7029791a,0x700ecc20383c16a14094d42114cc6b9ea5a2fdae99816d0d36d6bfe689c2fe25,0x1c102de16ad5bc73f11f4ee56c25cf2e79b69cc083b002ac00d8f40439a69365,13088,1760275401841,0x5133844189812b30b806337143814270adaf5e44,0x16fae483ad9260c13056e4fdf1d137a87ee26e16,6166336366366233633738303436313861363538366630346232323465313933,9000000,0xf4610900,1
194,0x2de13a1cea88f71fac42f3b0d2e276c0b0377fd9e3d3a0ee1f08190537143dc7,0x360fb0a0be4a266496b81ce1cd4162c8cb1d55d1e7667a9905e438ad7029791a,0x8cae99dd62d8e8c72a497efe242a14a5c861c71cc7abdfdff3cbe2289ef1a1f3,24363,1760275434064,0x377ca8ddab3460f8d633185989c2357fd55d470a,,6263363030373132653966643466613862363535356438656662366634326236,9000000,0xf4610900,1
195,0x3cef4fbec080a0f0ad1f1bdd3fd1bd92f13f523b48a5a0701102dc804d5d0ffe,0x2de13a1cea88f71fac42f3b0d2e276c0b0377fd9e3d3a0ee1f08190537143dc7,0x5863251fbb775cfdffc57f84971c80c774121ca754644eae3386f1720c413d50,24363,1760275464939,0x633442229244934f775621c6317821df25f303b6,,3063336234643830316561383432396261616632303065663931303761356162,9000000,0xf4610900,1
196,0x94a20eec6a807d057855742428697c52eb352cc5f10a71780832ca54887b7617,0x3cef4fbec080a0f0ad1f1bdd3fd1bd92f13f523b48a5a0701102dc804d5d0ffe,0x7885d3c71aae1ea059b5c7cb6a224485073e3eb7cbf844ef837bf4289227fda3,24363,1760275553329,0xfe5d07fcf4f0cee262568a629cc25e0fe9ddbd3c,,6234613265336333333563633433383661373439366531366533616166333833,9000000,0xf4610900,1
197,0x08056beb8c2ea4b9f1a22106d116cfa8ac7bf06711f08c0fb4a4b0b5eaf57d06,0x94a20eec6a807d057855742428697c52eb352cc5f10a71780832ca54887b7617,0xdf151cac5207bbd20415e2293b2c094c1b6168b0acd92fb3e927682a9bd93444,24363,1760275612133,0xf68d0e8a05d835a0d09877f01e9a8221e896b391,,3664306336366434333561633465623438336337303738346635346538386139,9000000,0xf4610900,1
198,0xda55176821027488c6af4ac04f023b26c5b85a0a2627af1cc01f54259124c32c,0x08056beb8c2ea4b9f1a22106d116cfa8ac7bf06711f08c0fb4a4b0b5eaf57d06,0x3aa26d7e354dd2304c98e08f8557e54a917afc243459e429891313f9cc6a2748,13088,1760275612638,0xf68d0e8a05d835a0d09877f01e9a8221e896b391,0xf503563b6154e03fb1705770429aa4a68c617608,6366366163653435616234333436636239383936613662653536353439643764,9000000,0xf4610900,1
199,0x6dc9b63472c5b93d4242aa77a945c02de2ca072cf97438437a76c645dfed3c9a,0xda55176821027488c6af4ac04f023b26c5b85a0a2627af1cc01f54259124c32c,0x47eb9cec3ba1ce2e28a0cd52eaa26dfce54ab6e3362409c731345d5021f72685,24363,1760275633038,0xbe8324b1f435c48bd9136d247ce9a623182ae35c,,6433663866643132313839653464343639633465306166363830653865386365,9000000,0xf4610900,1
200,0xce07be09514e13d27312e8626ac37bcbb67b627ab681856ce71237c3be4efac2,0x6dc9b63472c5b93d4242aa77a945c02de2ca072cf97438437a76c645dfed3c9a,0x44a80aaa8a3fc8505c1a1c128876c590666d4e030644efdfb8f405d1887c3ed2,13088,1760275633550,0xbe8324b1f435c48bd9136d247ce9a623182ae35c,0xab2b9430951acb7377b3e2f46a160ba6e785fcf8,6165393230643433306236653437666438646536656465356561343036316439,9000000,0xf4610900,1
201,0x4ab41e53dab74c42078989bbd57637147c7df4a6d3397f8b94e71a3c32066f23,0xce07be09514e13d27312e8626ac37bcbb67b627ab681856ce71237c3be4efac2,0x1ac951e5278a4d09258aa46b922e3979dbd235515e268bd89a4aac7263b29ee6,24363,1760275675226,0x51f180f8693be1148c92ec00581ecdaf6569106a,,3966303065316532303939373464366561323166623138663035353865393266,9000000,0xf4610900,1
202,0xa401630bd96aadc42dc001f979750c8e2151172242229d35fe99fdab1bc941dd,0x4ab41e53dab74c42078989bbd57637147c7df4a6d3397f8b94e71a3c32066f23,0x3a37e10515825d00b57b5169c4338ecbf05d774ee945a67c07ddb753363293df,13088,1760275675730,0x51f180f8693be1148c92ec00581ecdaf6569106a,0xaf84e26c1551851bde6ea6bd0c676329a36c4d88,3861613437366535613465303438666339613439653565376163376639306361,9000000,0xf4610900,1
203,0x75c94c0014889f9254083f58defe8306c0091f6d179ccea3137eea2ea0b091fe,0xa401630bd96aadc42dc001f979750c8e2151172242229d35fe99fdab1bc941dd,0x01d71e029b07dc7c706700abe6bd6b35858fc5f796e342bbaa0c6193e1d15eac,24363,1760275696979,0x9a9602f73e04247c7326792e6f5be4599c0d99a9,,6134326265346161346666383430396338653737343939373932346330656261,9000000,0xf4610900,1
204,0xb761cd38e7b13dd74aba3c0b4618d35b9e12f9da67ebd3ef8c1240363ec54318,0x75c94c0014889f9254083f58defe8306c0091f6d179ccea3137eea2ea0b091fe,0x064d3cafb781f137911782cbef9dca2ffbe271efab3ba14f391cb276a752b3e0,13088,1760275697522,0x9a9602f73e04247c7326792e6f5be4599c0d99a9,0x952779055e8aa7042b95a844d8854e12469320bd,6139663039633938613335373436333739623161663732656563303836343030,9000000,0xf4610900,1
205,0x9f7ee1115820c48c43bda89fddbac815b0bfc500e7d1868fb8997be9e520b915,0xb761cd38e7b13dd74aba3c0b4618d35b9e12f9da67ebd3ef8c1240363ec54318,0x13914e8b036a0196cdeed75bf04ab944c7c3e81943f66db685a5bc9429a0afe6,24363,1760275714053,0xdb5c687f78759ee019b13212acc196b539123850,,3762666439653964633665373436323138323833623362616439623064333337,9000000,0xf4610900,1
206,0x71f268cbd06226e9d47736d8ad29295594f5484e720d3d227ef3d9d0c6efab6a,0x9f7ee1115820c48c43bda89fddbac815b0bfc500e7d1868fb8997be9e520b915,0x4aa6e346d2e2b52c89f97246784fb8e84bb52889eedb9036ee800c253b4f0ad8,24363,1760275825022,0x79853ef53324ebb2638b7d3fb81bb3bcd2611285,,6164316132643032363237313439626638643634343131316665396566306431,9000000,0xf4610900,1
207,0x35f80a9247f3a3224cb33babbdb7dfc1d0a0335394f6a727aa8c7ee6a81d8e86,0x71f268cbd06226e9d47736d8ad29295594f5484e720d3d227ef3d9d0c6efab6a,0xece225de98b956664a439e4cccc0f8d2632e1acd8136a4334e50f257efc8b31b,24363,1760275918624,0x7f3ba7e7d1aa43edc470fd87391efe99dc1701fd,,6635613030333431623662363461313662613466616537633338383464636361,9000000,0xf4610900,1
208,0xbb8af3f63ac3213c64b7bf278e005bac3a2860b35cb893e51e1635016457e5a4,0x35f80a9247f3a3224cb33babbdb7dfc1d0a0335394f6a727aa8c7ee6a81d8e86,0x8dc845731f9957f4d4d1e9ad84f37672684b2f6dea9816983d7b3dcb687ebeb9,24363,1760501248624,0x141fe15b0bc81e65ad8a38a308686261cf453306,,3130346334363766326637643463616639376433373035346435396166656633,9000000,0xf4610900,1
209,0x4fde90acc60e2609b5debeedbe7771cd3fe61138d47c44ccbc7ebb2cf730577d,0xbb8af3f63ac3213c64b7bf278e005bac3a2860b35cb893e51e1635016457e5a4,0xb1d5b78b41df46988e603ac88072c43fa54abd05fe850760f79da86971863a06,13088,1760501249131,0x141fe15b0bc81e65ad8a38a308686261cf453306,0xd1cc61328a36867ecd19b0db125d125f551612b4,6136633835323735663739643463323261636361323939333865383364336239,9000000,0xf4610900,1
